#
# There is insufficient memory for the Java Runtime Environment to continue.
# Native memory allocation (mmap) failed to map 362807296 bytes for G1 virtual space
# Possible reasons:
#   The system is out of physical RAM or swap space
#   The process is running with CompressedOops enabled, and the Java Heap may be blocking the growth of the native heap
# Possible solutions:
#   Reduce memory load on the system
#   Increase physical memory or swap space
#   Check if swap backing store is full
#   Decrease Java heap size (-Xmx/-Xms)
#   Decrease number of Java threads
#   Decrease Java thread stack sizes (-Xss)
#   Set larger code cache with -XX:ReservedCodeCacheSize=
#   JVM is running with Unscaled Compressed Oops mode in which the Java heap is
#     placed in the first 4GB address space. The Java Heap base address is the
#     maximum limit for the native heap growth. Please use -XX:HeapBaseMinAddress
#     to set the Java Heap base and to place the Java Heap above 4GB virtual address.
# This output file may be truncated or incomplete.
#
#  Out of Memory Error (os_windows.cpp:3600), pid=8980, tid=11028
#
# JRE version: Java(TM) SE Runtime Environment (21.0.5+9) (build 21.0.5+9-LTS-239)
# Java VM: Java HotSpot(TM) 64-Bit Server VM (21.0.5+9-LTS-239, mixed mode, sharing, tiered, compressed oops, compressed class ptrs, g1 gc, windows-amd64)
# No core dump will be written. Minidumps are not enabled by default on client versions of Windows
#

---------------  S U M M A R Y ------------

Command Line: --add-opens=java.base/java.lang=ALL-UNNAMED --add-opens=java.base/java.lang.invoke=ALL-UNNAMED --add-opens=java.base/java.util=ALL-UNNAMED --add-opens=java.prefs/java.util.prefs=ALL-UNNAMED --add-exports=jdk.compiler/com.sun.tools.javac.api=ALL-UNNAMED --add-exports=jdk.compiler/com.sun.tools.javac.util=ALL-UNNAMED --add-opens=java.base/java.util=ALL-UNNAMED --add-opens=java.prefs/java.util.prefs=ALL-UNNAMED --add-opens=java.base/java.nio.charset=ALL-UNNAMED --add-opens=java.base/java.net=ALL-UNNAMED --add-opens=java.base/java.util.concurrent.atomic=ALL-UNNAMED --add-opens=java.xml/javax.xml.namespace=ALL-UNNAMED -Xmx2048m -Dfile.encoding=UTF-8 -Duser.country=US -Duser.language=en -Duser.variant -javaagent:C:\Users\Rashmi\.gradle\wrapper\dists\gradle-8.11.1-bin\bpt9gzteqjrbo1mjrsomdt32c\gradle-8.11.1\lib\agents\gradle-instrumentation-agent-8.11.1.jar org.gradle.launcher.daemon.bootstrap.GradleDaemon 8.11.1

Host: 11th Gen Intel(R) Core(TM) i3-1115G4 @ 3.00GHz, 4 cores, 7G,  Windows 11 , 64 bit Build 26100 (10.0.26100.3775)
Time: Wed Apr 23 17:01:32 2025 India Standard Time elapsed time: 153.313725 seconds (0d 0h 2m 33s)

---------------  T H R E A D  ---------------

Current thread (0x00000176a051c8d0):  VMThread "VM Thread"          [id=11028, stack(0x0000007242600000,0x0000007242700000) (1024K)]

Stack: [0x0000007242600000,0x0000007242700000]
Native frames: (J=compiled Java code, j=interpreted, Vv=VM code, C=native code)
V  [jvm.dll+0x6ca289]
V  [jvm.dll+0x854a51]
V  [jvm.dll+0x856f7e]
V  [jvm.dll+0x857653]
V  [jvm.dll+0x27dd26]
V  [jvm.dll+0x6c6a25]
V  [jvm.dll+0x6bb5aa]
V  [jvm.dll+0x35359a]
V  [jvm.dll+0x35b1f6]
V  [jvm.dll+0x3adade]
V  [jvm.dll+0x3add88]
V  [jvm.dll+0x3278fc]
V  [jvm.dll+0x32a156]
V  [jvm.dll+0x334108]
V  [jvm.dll+0x36a3f5]
V  [jvm.dll+0x85d420]
V  [jvm.dll+0x85e7a4]
V  [jvm.dll+0x85ece0]
V  [jvm.dll+0x85ef83]
V  [jvm.dll+0x7fee9b]
V  [jvm.dll+0x6c896d]
C  [ucrtbase.dll+0x37b0]
C  [KERNEL32.DLL+0x2e8d7]
C  [ntdll.dll+0xb14fc]

VM_Operation (0x00000072421ffab0): G1PauseRemark, mode: safepoint, requested by thread 0x0000017682433b50


---------------  P R O C E S S  ---------------

Threads class SMR info:
_java_thread_list=0x00000176fd032900, length=106, elements={
0x00000176821d6a20, 0x00000176a053ae70, 0x00000176a053b9c0, 0x00000176a0542f80,
0x00000176a05439d0, 0x00000176a0544420, 0x00000176a0544e70, 0x00000176a0549c10,
0x00000176a05676a0, 0x00000176a0741ec0, 0x00000176a09021d0, 0x00000176e77fc040,
0x00000176e783a810, 0x00000176e78cada0, 0x00000176e77ce8f0, 0x00000176e7891380,
0x00000176e7744d10, 0x00000176e7742c40, 0x00000176e7743ff0, 0x00000176e7741f20,
0x00000176e77432d0, 0x00000176e889ae50, 0x00000176e889eff0, 0x00000176e8b24730,
0x00000176e8b212b0, 0x00000176e8b24dc0, 0x00000176e8b26170, 0x00000176e8b25450,
0x00000176e8b25ae0, 0x00000176e8b26800, 0x00000176e889a7c0, 0x00000176e889a130,
0x00000176e889b4e0, 0x00000176e889f680, 0x00000176e889d5b0, 0x00000176e889cf20,
0x00000176e889fd10, 0x00000176e889c890, 0x00000176e88a03a0, 0x00000176e7741890,
0x00000176e7744680, 0x00000176e77d6840, 0x00000176e77d6ed0, 0x00000176e77d7560,
0x00000176e77d40e0, 0x00000176e77d5490, 0x00000176ea7a3b90, 0x00000176ea7a2e70,
0x00000176ea7a6980, 0x00000176ea7a4220, 0x00000176ea7a5c60, 0x00000176ea7a62f0,
0x00000176ea7a3500, 0x00000176ec14eee0, 0x00000176ec150290, 0x00000176ebe59da0,
0x00000176ea7a9770, 0x00000176e77d4770, 0x00000176e77d9cc0, 0x00000176e77da350,
0x00000176e77d8fa0, 0x00000176e77d8280, 0x00000176e77da9e0, 0x00000176e77db700,
0x00000176e6b7a7c0, 0x00000176e6b7b4e0, 0x00000176e6b7bb70, 0x00000176e6b79aa0,
0x00000176e6b7c200, 0x00000176e6b7a130, 0x00000176e6b78d80, 0x00000176e6b7c890,
0x00000176e6b7cf20, 0x00000176e6b7fd10, 0x00000176e6b7e2d0, 0x00000176e6b7d5b0,
0x00000176e6b7f680, 0x00000176e6b7dc40, 0x00000176e6b7e960, 0x00000176e6b7eff0,
0x00000176ebe5c500, 0x00000176ebe5cb90, 0x00000176ebe5b150, 0x00000176ebe59710,
0x00000176f134eca0, 0x00000176f13506e0, 0x00000176f134f330, 0x00000176f1350050,
0x00000176f1350d70, 0x00000176f14b94f0, 0x00000176ebe5ec60, 0x00000176ea7a7010,
0x00000176f53cabe0, 0x00000176f53cd9d0, 0x00000176f17ab5a0, 0x00000176ec14fc00,
0x00000176f3058a60, 0x00000176f17b59b0, 0x00000176f26007c0, 0x00000176f2601b70,
0x00000176f25fe6f0, 0x00000176f2602890, 0x00000176f25ff410, 0x00000176f26035b0,
0x00000176f2605d10, 0x00000176f2603c40
}

Java Threads: ( => current thread )
  0x00000176821d6a20 JavaThread "main"                              [_thread_blocked, id=7920, stack(0x0000007241f00000,0x0000007242000000) (1024K)]
  0x00000176a053ae70 JavaThread "Reference Handler"          daemon [_thread_blocked, id=17432, stack(0x0000007242700000,0x0000007242800000) (1024K)]
  0x00000176a053b9c0 JavaThread "Finalizer"                  daemon [_thread_blocked, id=24788, stack(0x0000007242800000,0x0000007242900000) (1024K)]
  0x00000176a0542f80 JavaThread "Signal Dispatcher"          daemon [_thread_blocked, id=17720, stack(0x0000007242900000,0x0000007242a00000) (1024K)]
  0x00000176a05439d0 JavaThread "Attach Listener"            daemon [_thread_blocked, id=20332, stack(0x0000007242a00000,0x0000007242b00000) (1024K)]
  0x00000176a0544420 JavaThread "Service Thread"             daemon [_thread_blocked, id=25732, stack(0x0000007242b00000,0x0000007242c00000) (1024K)]
  0x00000176a0544e70 JavaThread "Monitor Deflation Thread"   daemon [_thread_blocked, id=3312, stack(0x0000007242c00000,0x0000007242d00000) (1024K)]
  0x00000176a0549c10 JavaThread "C2 CompilerThread0"         daemon [_thread_blocked, id=29536, stack(0x0000007242d00000,0x0000007242e00000) (1024K)]
  0x00000176a05676a0 JavaThread "C1 CompilerThread0"         daemon [_thread_blocked, id=28368, stack(0x0000007242e00000,0x0000007242f00000) (1024K)]
  0x00000176a0741ec0 JavaThread "Common-Cleaner"             daemon [_thread_blocked, id=4248, stack(0x0000007242f00000,0x0000007243000000) (1024K)]
  0x00000176a09021d0 JavaThread "Notification Thread"        daemon [_thread_blocked, id=1204, stack(0x0000007243000000,0x0000007243100000) (1024K)]
  0x00000176e77fc040 JavaThread "Daemon health stats"               [_thread_blocked, id=11904, stack(0x0000007243500000,0x0000007243600000) (1024K)]
  0x00000176e783a810 JavaThread "Incoming local TCP Connector on port 56051"        [_thread_in_native, id=19616, stack(0x0000007243600000,0x0000007243700000) (1024K)]
  0x00000176e78cada0 JavaThread "Daemon periodic checks"            [_thread_blocked, id=24396, stack(0x0000007243700000,0x0000007243800000) (1024K)]
  0x00000176e77ce8f0 JavaThread "Daemon"                            [_thread_blocked, id=16468, stack(0x0000007243800000,0x0000007243900000) (1024K)]
  0x00000176e7891380 JavaThread "Daemon worker"                     [_thread_blocked, id=27184, stack(0x0000007243b00000,0x0000007243c00000) (1024K)]
  0x00000176e7744d10 JavaThread "Cache worker for journal cache (C:\Users\Rashmi\.gradle\caches\journal-1)"        [_thread_blocked, id=27920, stack(0x0000007243f00000,0x0000007244000000) (1024K)]
  0x00000176e7742c40 JavaThread "File lock request listener"        [_thread_in_native, id=20400, stack(0x0000007244000000,0x0000007244100000) (1024K)]
  0x00000176e7743ff0 JavaThread "Cache worker for file hash cache (C:\Users\Rashmi\.gradle\caches\8.11.1\fileHashes)"        [_thread_blocked, id=23712, stack(0x0000007244100000,0x0000007244200000) (1024K)]
  0x00000176e7741f20 JavaThread "Cache worker for file content cache (C:\Users\Rashmi\.gradle\caches\8.11.1\fileContent)"        [_thread_blocked, id=10148, stack(0x0000007244200000,0x0000007244300000) (1024K)]
  0x00000176e77432d0 JavaThread "File watcher server"        daemon [_thread_blocked, id=15356, stack(0x0000007244500000,0x0000007244600000) (1024K)]
  0x00000176e889ae50 JavaThread "File watcher consumer"      daemon [_thread_blocked, id=3668, stack(0x0000007244600000,0x0000007244700000) (1024K)]
  0x00000176e889eff0 JavaThread "Memory manager"                    [_thread_blocked, id=13732, stack(0x0000007245300000,0x0000007245400000) (1024K)]
  0x00000176e8b24730 JavaThread "Handler for socket connection from /127.0.0.1:56051 to /127.0.0.1:56058"        [_thread_in_native, id=12672, stack(0x0000007243300000,0x0000007243400000) (1024K)]
  0x00000176e8b212b0 JavaThread "Cancel handler"                    [_thread_blocked, id=1072, stack(0x0000007243900000,0x0000007243a00000) (1024K)]
  0x00000176e8b24dc0 JavaThread "Asynchronous log dispatcher for DefaultDaemonConnection: socket connection from /127.0.0.1:56051 to /127.0.0.1:56058"        [_thread_blocked, id=28816, stack(0x0000007243a00000,0x0000007243b00000) (1024K)]
  0x00000176e8b26170 JavaThread "Stdin handler"                     [_thread_blocked, id=8352, stack(0x0000007243d00000,0x0000007243e00000) (1024K)]
  0x00000176e8b25450 JavaThread "Daemon client event forwarder"        [_thread_blocked, id=2780, stack(0x0000007243e00000,0x0000007243f00000) (1024K)]
  0x00000176e8b25ae0 JavaThread "Cache worker for file hash cache (C:\Users\Rashmi\Documents\GitHub\XOne---Android\XOne\.gradle\8.11.1\fileHashes)"        [_thread_blocked, id=840, stack(0x0000007244300000,0x0000007244400000) (1024K)]
  0x00000176e8b26800 JavaThread "Cache worker for Build Output Cleanup Cache (C:\Users\Rashmi\Documents\GitHub\XOne---Android\XOne\.gradle\buildOutputCleanup)"        [_thread_blocked, id=8412, stack(0x0000007244400000,0x0000007244500000) (1024K)]
  0x00000176e889a7c0 JavaThread "Cache worker for checksums cache (C:\Users\Rashmi\Documents\GitHub\XOne---Android\XOne\.gradle\8.11.1\checksums)"        [_thread_blocked, id=21648, stack(0x0000007244800000,0x0000007244900000) (1024K)]
  0x00000176e889a130 JavaThread "Cache worker for cache directory md-rule (C:\Users\Rashmi\.gradle\caches\8.11.1\md-rule)"        [_thread_blocked, id=20664, stack(0x0000007244900000,0x0000007244a00000) (1024K)]
  0x00000176e889b4e0 JavaThread "Cache worker for cache directory md-supplier (C:\Users\Rashmi\.gradle\caches\8.11.1\md-supplier)"        [_thread_blocked, id=13876, stack(0x0000007244a00000,0x0000007244b00000) (1024K)]
  0x00000176e889f680 JavaThread "Unconstrained build operations"        [_thread_blocked, id=7560, stack(0x0000007244700000,0x0000007244800000) (1024K)]
  0x00000176e889d5b0 JavaThread "Unconstrained build operations Thread 2"        [_thread_blocked, id=10120, stack(0x0000007244b00000,0x0000007244c00000) (1024K)]
  0x00000176e889cf20 JavaThread "Unconstrained build operations Thread 3"        [_thread_blocked, id=20832, stack(0x0000007244c00000,0x0000007244d00000) (1024K)]
  0x00000176e889fd10 JavaThread "Unconstrained build operations Thread 4"        [_thread_blocked, id=15428, stack(0x0000007244e00000,0x0000007244f00000) (1024K)]
  0x00000176e889c890 JavaThread "Unconstrained build operations Thread 5"        [_thread_blocked, id=8816, stack(0x0000007244f00000,0x0000007245000000) (1024K)]
  0x00000176e88a03a0 JavaThread "Unconstrained build operations Thread 6"        [_thread_blocked, id=18088, stack(0x0000007245000000,0x0000007245100000) (1024K)]
  0x00000176e7741890 JavaThread "build event listener"              [_thread_blocked, id=8280, stack(0x0000007245100000,0x0000007245200000) (1024K)]
  0x00000176e7744680 JavaThread "build event listener"              [_thread_blocked, id=16244, stack(0x0000007245200000,0x0000007245300000) (1024K)]
  0x00000176e77d6840 JavaThread "included builds"                   [_thread_blocked, id=5660, stack(0x0000007244d00000,0x0000007244e00000) (1024K)]
  0x00000176e77d6ed0 JavaThread "Execution worker"                  [_thread_blocked, id=9220, stack(0x0000007245400000,0x0000007245500000) (1024K)]
  0x00000176e77d7560 JavaThread "Execution worker Thread 2"         [_thread_blocked, id=26524, stack(0x0000007245500000,0x0000007245600000) (1024K)]
  0x00000176e77d40e0 JavaThread "Execution worker Thread 3"         [_thread_blocked, id=13556, stack(0x0000007245700000,0x0000007245800000) (1024K)]
  0x00000176e77d5490 JavaThread "Cache worker for execution history cache (C:\Users\Rashmi\Documents\GitHub\XOne---Android\XOne\.gradle\8.11.1\executionHistory)"        [_thread_blocked, id=22608, stack(0x0000007245800000,0x0000007245900000) (1024K)]
  0x00000176ea7a3b90 JavaThread "Unconstrained build operations Thread 7"        [_thread_blocked, id=27108, stack(0x0000007245900000,0x0000007245a00000) (1024K)]
  0x00000176ea7a2e70 JavaThread "Unconstrained build operations Thread 8"        [_thread_blocked, id=2888, stack(0x0000007245a00000,0x0000007245b00000) (1024K)]
  0x00000176ea7a6980 JavaThread "Unconstrained build operations Thread 9"        [_thread_blocked, id=9732, stack(0x0000007245b00000,0x0000007245c00000) (1024K)]
  0x00000176ea7a4220 JavaThread "WorkerExecutor Queue"              [_thread_blocked, id=16812, stack(0x0000007245c00000,0x0000007245d00000) (1024K)]
  0x00000176ea7a5c60 JavaThread "Unconstrained build operations Thread 10"        [_thread_blocked, id=10268, stack(0x0000007245d00000,0x0000007245e00000) (1024K)]
  0x00000176ea7a62f0 JavaThread "Unconstrained build operations Thread 11"        [_thread_blocked, id=25712, stack(0x0000007245e00000,0x0000007245f00000) (1024K)]
  0x00000176ea7a3500 JavaThread "Unconstrained build operations Thread 12"        [_thread_blocked, id=7320, stack(0x0000007245f00000,0x0000007246000000) (1024K)]
  0x00000176ec14eee0 JavaThread "WorkerExecutor Queue Thread 2"        [_thread_blocked, id=21584, stack(0x0000007246000000,0x0000007246100000) (1024K)]
  0x00000176ec150290 JavaThread "Java2D Disposer"            daemon [_thread_blocked, id=25104, stack(0x0000007246400000,0x0000007246500000) (1024K)]
  0x00000176ebe59da0 JavaThread "Unconstrained build operations Thread 13"        [_thread_blocked, id=3700, stack(0x0000007246500000,0x0000007246600000) (1024K)]
  0x00000176ea7a9770 JavaThread "pool-4-thread-1"                   [_thread_blocked, id=23624, stack(0x0000007246600000,0x0000007246700000) (1024K)]
  0x00000176e77d4770 JavaThread "stderr"                            [_thread_in_native, id=10228, stack(0x0000007246700000,0x0000007246800000) (1024K)]
  0x00000176e77d9cc0 JavaThread "stdout"                            [_thread_in_native, id=6168, stack(0x0000007246800000,0x0000007246900000) (1024K)]
  0x00000176e77da350 JavaThread "stderr"                            [_thread_in_native, id=6492, stack(0x0000007246900000,0x0000007246a00000) (1024K)]
  0x00000176e77d8fa0 JavaThread "stdout"                            [_thread_in_native, id=19428, stack(0x0000007246a00000,0x0000007246b00000) (1024K)]
  0x00000176e77d8280 JavaThread "Unconstrained build operations Thread 14"        [_thread_blocked, id=20896, stack(0x0000007246b00000,0x0000007246c00000) (1024K)]
  0x00000176e77da9e0 JavaThread "Unconstrained build operations Thread 15"        [_thread_blocked, id=14152, stack(0x0000007246c00000,0x0000007246d00000) (1024K)]
  0x00000176e77db700 JavaThread "Unconstrained build operations Thread 16"        [_thread_blocked, id=17848, stack(0x0000007246d00000,0x0000007246e00000) (1024K)]
  0x00000176e6b7a7c0 JavaThread "stderr"                            [_thread_in_native, id=20012, stack(0x0000007246e00000,0x0000007246f00000) (1024K)]
  0x00000176e6b7b4e0 JavaThread "stdout"                            [_thread_in_native, id=1356, stack(0x0000007246f00000,0x0000007247000000) (1024K)]
  0x00000176e6b7bb70 JavaThread "Unconstrained build operations Thread 17"        [_thread_blocked, id=15228, stack(0x0000007247000000,0x0000007247100000) (1024K)]
  0x00000176e6b79aa0 JavaThread "Unconstrained build operations Thread 18"        [_thread_blocked, id=4164, stack(0x0000007247100000,0x0000007247200000) (1024K)]
  0x00000176e6b7c200 JavaThread "Unconstrained build operations Thread 19"        [_thread_blocked, id=3648, stack(0x0000007247200000,0x0000007247300000) (1024K)]
  0x00000176e6b7a130 JavaThread "Unconstrained build operations Thread 20"        [_thread_blocked, id=12660, stack(0x0000007247300000,0x0000007247400000) (1024K)]
  0x00000176e6b78d80 JavaThread "Unconstrained build operations Thread 21"        [_thread_blocked, id=14284, stack(0x0000007247400000,0x0000007247500000) (1024K)]
  0x00000176e6b7c890 JavaThread "Unconstrained build operations Thread 22"        [_thread_blocked, id=12244, stack(0x0000007247500000,0x0000007247600000) (1024K)]
  0x00000176e6b7cf20 JavaThread "Unconstrained build operations Thread 23"        [_thread_blocked, id=15512, stack(0x0000007247600000,0x0000007247700000) (1024K)]
  0x00000176e6b7fd10 JavaThread "Unconstrained build operations Thread 24"        [_thread_blocked, id=15788, stack(0x0000007247700000,0x0000007247800000) (1024K)]
  0x00000176e6b7e2d0 JavaThread "Unconstrained build operations Thread 25"        [_thread_blocked, id=20040, stack(0x0000007247800000,0x0000007247900000) (1024K)]
  0x00000176e6b7d5b0 JavaThread "Unconstrained build operations Thread 26"        [_thread_blocked, id=21868, stack(0x0000007241c00000,0x0000007241d00000) (1024K)]
  0x00000176e6b7f680 JavaThread "Unconstrained build operations Thread 27"        [_thread_blocked, id=20292, stack(0x0000007241e00000,0x0000007241f00000) (1024K)]
  0x00000176e6b7dc40 JavaThread "Unconstrained build operations Thread 28"        [_thread_blocked, id=15156, stack(0x0000007247900000,0x0000007247a00000) (1024K)]
  0x00000176e6b7e960 JavaThread "Unconstrained build operations Thread 29"        [_thread_blocked, id=20120, stack(0x0000007247a00000,0x0000007247b00000) (1024K)]
  0x00000176e6b7eff0 JavaThread "Unconstrained build operations Thread 30"        [_thread_blocked, id=24528, stack(0x0000007247b00000,0x0000007247c00000) (1024K)]
  0x00000176ebe5c500 JavaThread "Unconstrained build operations Thread 31"        [_thread_blocked, id=23564, stack(0x0000007247c00000,0x0000007247d00000) (1024K)]
  0x00000176ebe5cb90 JavaThread "Unconstrained build operations Thread 32"        [_thread_blocked, id=1772, stack(0x0000007247d00000,0x0000007247e00000) (1024K)]
  0x00000176ebe5b150 JavaThread "Unconstrained build operations Thread 33"        [_thread_blocked, id=11784, stack(0x0000007247e00000,0x0000007247f00000) (1024K)]
  0x00000176ebe59710 JavaThread "Unconstrained build operations Thread 34"        [_thread_blocked, id=19028, stack(0x0000007247f00000,0x0000007248000000) (1024K)]
  0x00000176f134eca0 JavaThread "Unconstrained build operations Thread 35"        [_thread_blocked, id=15748, stack(0x0000007246300000,0x0000007246400000) (1024K)]
  0x00000176f13506e0 JavaThread "Unconstrained build operations Thread 36"        [_thread_blocked, id=9224, stack(0x0000007248100000,0x0000007248200000) (1024K)]
  0x00000176f134f330 JavaThread "Unconstrained build operations Thread 37"        [_thread_blocked, id=11268, stack(0x0000007248200000,0x0000007248300000) (1024K)]
  0x00000176f1350050 JavaThread "Unconstrained build operations Thread 38"        [_thread_blocked, id=16576, stack(0x0000007248300000,0x0000007248400000) (1024K)]
  0x00000176f1350d70 JavaThread "Unconstrained build operations Thread 39"        [_thread_blocked, id=7400, stack(0x0000007248400000,0x0000007248500000) (1024K)]
  0x00000176f14b94f0 JavaThread "Unconstrained build operations Thread 40"        [_thread_blocked, id=13900, stack(0x0000007248500000,0x0000007248600000) (1024K)]
  0x00000176ebe5ec60 JavaThread "RMI Scheduler(0)"           daemon [_thread_blocked, id=10088, stack(0x0000007248e00000,0x0000007248f00000) (1024K)]
  0x00000176ea7a7010 JavaThread "RMI GC Daemon"              daemon [_thread_blocked, id=10436, stack(0x0000007249000000,0x0000007249100000) (1024K)]
  0x00000176f53cabe0 JavaThread "RMI TCP Accept-0"           daemon [_thread_in_native, id=6224, stack(0x0000007249100000,0x0000007249200000) (1024K)]
  0x00000176f53cd9d0 JavaThread "RMI Reaper"                        [_thread_blocked, id=21100, stack(0x0000007249200000,0x0000007249300000) (1024K)]
  0x00000176f17ab5a0 JavaThread "RMI TCP Connection(idle)"   daemon [_thread_blocked, id=9644, stack(0x0000007249300000,0x0000007249400000) (1024K)]
  0x00000176ec14fc00 JavaThread "WorkerExecutor Queue Thread 6"        [_thread_blocked, id=15784, stack(0x0000007241d00000,0x0000007241e00000) (1024K)]
  0x00000176f3058a60 JavaThread "C2 CompilerThread1"         daemon [_thread_blocked, id=25412, stack(0x0000007243c00000,0x0000007243d00000) (1024K)]
  0x00000176f17b59b0 JavaThread "WorkerExecutor Queue Thread 7"        [_thread_blocked, id=25828, stack(0x0000007245600000,0x0000007245700000) (1024K)]
  0x00000176f26007c0 JavaThread "ForkJoinPool-2-worker-1"    daemon [_thread_blocked, id=13992, stack(0x0000007246100000,0x0000007246200000) (1024K)]
  0x00000176f2601b70 JavaThread "ForkJoinPool-2-worker-2"    daemon [_thread_blocked, id=4304, stack(0x0000007246200000,0x0000007246300000) (1024K)]
  0x00000176f25fe6f0 JavaThread "ForkJoinPool-2-worker-3"    daemon [_thread_blocked, id=27076, stack(0x0000007248000000,0x0000007248100000) (1024K)]
  0x00000176f2602890 JavaThread "ForkJoinPool-2-worker-4"    daemon [_thread_blocked, id=26400, stack(0x0000007248600000,0x0000007248700000) (1024K)]
  0x00000176f25ff410 JavaThread "Periodic tasks thread"      daemon [_thread_blocked, id=24868, stack(0x0000007248700000,0x0000007248800000) (1024K)]
  0x00000176f26035b0 JavaThread "ApplicationImpl pooled thread 1"        [_thread_blocked, id=1592, stack(0x0000007248800000,0x0000007248900000) (1024K)]
  0x00000176f2605d10 JavaThread "ForkJoinPool.commonPool-worker-1" daemon [_thread_blocked, id=18204, stack(0x0000007248900000,0x0000007248a00000) (1024K)]
  0x00000176f2603c40 JavaThread "AWT-Windows"                daemon [_thread_in_native, id=20052, stack(0x0000007248b00000,0x0000007248c00000) (1024K)]
Total: 106

Other Threads:
=>0x00000176a051c8d0 VMThread "VM Thread"                           [id=11028, stack(0x0000007242600000,0x0000007242700000) (1024K)]
  0x00000176a050a000 WatcherThread "VM Periodic Task Thread"        [id=19064, stack(0x0000007242500000,0x0000007242600000) (1024K)]
  0x0000017682422c60 WorkerThread "GC Thread#0"                     [id=22828, stack(0x0000007242000000,0x0000007242100000) (1024K)]
  0x00000176a096af40 WorkerThread "GC Thread#1"                     [id=16020, stack(0x0000007243100000,0x0000007243200000) (1024K)]
  0x00000176a0a57560 WorkerThread "GC Thread#2"                     [id=28824, stack(0x0000007243200000,0x0000007243300000) (1024K)]
  0x00000176e6b71030 WorkerThread "GC Thread#3"                     [id=21664, stack(0x0000007243400000,0x0000007243500000) (1024K)]
  0x0000017682433b50 ConcurrentGCThread "G1 Main Marker"            [id=14260, stack(0x0000007242100000,0x0000007242200000) (1024K)]
  0x00000176824353e0 WorkerThread "G1 Conc#0"                       [id=8300, stack(0x0000007242200000,0x0000007242300000) (1024K)]
  0x00000176a03d40f0 ConcurrentGCThread "G1 Refine#0"               [id=15304, stack(0x0000007242300000,0x0000007242400000) (1024K)]
  0x00000176a03d4910 ConcurrentGCThread "G1 Service"                [id=23508, stack(0x0000007242400000,0x0000007242500000) (1024K)]
Total: 10

Threads with active compile tasks:
C2 CompilerThread0   153361 38550       4       com.android.tools.r8.dex.L::a (792 bytes)
C2 CompilerThread1   153361 38539 %     4       com.android.tools.r8.dex.L::a @ 15 (3518 bytes)
Total: 2

VM state: at safepoint (normal execution)

VM Mutex/Monitor currently owned by a thread:  ([mutex/lock_event])
[0x00007ffd8da8be98] Threads_lock - owner thread: 0x00000176a051c8d0
[0x00007ffd8da8bf98] Heap_lock - owner thread: 0x0000017682433b50

Heap address: 0x0000000080000000, size: 2048 MB, Compressed Oops mode: 32-bit

CDS archive(s) mapped at: [0x00000176a1000000-0x00000176a1c90000-0x00000176a1c90000), size 13172736, SharedBaseAddress: 0x00000176a1000000, ArchiveRelocationMode: 1.
Compressed class space mapped at: 0x00000176a2000000-0x00000176e2000000, reserved size: 1073741824
Narrow klass base: 0x00000176a1000000, Narrow klass shift: 0, Narrow klass range: 0x100000000

GC Precious Log:
 CardTable entry size: 512
 Card Set container configuration: InlinePtr #cards 5 size 8 Array Of Cards #cards 12 size 40 Howl #buckets 4 coarsen threshold 1843 Howl Bitmap #cards 512 size 80 coarsen threshold 460 Card regions per heap region 1 cards per card region 2048
 CPUs: 4 total, 4 available
 Memory: 7890M
 Large Page Support: Disabled
 NUMA Support: Disabled
 Compressed Oops: Enabled (32-bit)
 Heap Region Size: 1M
 Heap Min Capacity: 8M
 Heap Initial Capacity: 124M
 Heap Max Capacity: 2G
 Pre-touch: Disabled
 Parallel Workers: 4
 Concurrent Workers: 1
 Concurrent Refinement Workers: 4
 Periodic GC: Disabled

Heap:
 garbage-first heap   total 1048576K, used 838400K [0x0000000080000000, 0x0000000100000000)
  region size 1024K, 175 young (179200K), 4 survivors (4096K)
 Metaspace       used 210341K, committed 213568K, reserved 1245184K
  class space    used 26446K, committed 27968K, reserved 1048576K

Heap Regions: E=young(eden), S=young(survivor), O=old, HS=humongous(starts), HC=humongous(continues), CS=collection set, F=free, TAMS=top-at-mark-start, PB=parsable bottom
|   0|0x0000000080000000, 0x0000000080100000, 0x0000000080100000|100%|HS|  |TAMS 0x0000000080100000| PB 0x0000000080000000| Complete 
|   1|0x0000000080100000, 0x0000000080200000, 0x0000000080200000|100%|HC|  |TAMS 0x0000000080200000| PB 0x0000000080100000| Complete 
|   2|0x0000000080200000, 0x0000000080300000, 0x0000000080300000|100%|HC|  |TAMS 0x0000000080300000| PB 0x0000000080200000| Complete 
|   3|0x0000000080300000, 0x0000000080400000, 0x0000000080400000|100%| O|  |TAMS 0x0000000080400000| PB 0x0000000080400000| Untracked 
|   4|0x0000000080400000, 0x0000000080500000, 0x0000000080500000|100%| O|  |TAMS 0x0000000080500000| PB 0x0000000080500000| Untracked 
|   5|0x0000000080500000, 0x0000000080600000, 0x0000000080600000|100%| O|  |TAMS 0x0000000080600000| PB 0x0000000080600000| Untracked 
|   6|0x0000000080600000, 0x0000000080700000, 0x0000000080700000|100%|HS|  |TAMS 0x0000000080700000| PB 0x0000000080600000| Complete 
|   7|0x0000000080700000, 0x0000000080800000, 0x0000000080800000|100%| O|  |TAMS 0x0000000080800000| PB 0x0000000080800000| Updating 
|   8|0x0000000080800000, 0x0000000080900000, 0x0000000080900000|100%| O|  |TAMS 0x0000000080900000| PB 0x0000000080900000| Untracked 
|   9|0x0000000080900000, 0x0000000080a00000, 0x0000000080a00000|100%| O|  |TAMS 0x0000000080a00000| PB 0x0000000080a00000| Untracked 
|  10|0x0000000080a00000, 0x0000000080b00000, 0x0000000080b00000|100%| O|  |TAMS 0x0000000080b00000| PB 0x0000000080b00000| Untracked 
|  11|0x0000000080b00000, 0x0000000080c00000, 0x0000000080c00000|100%| O|  |TAMS 0x0000000080c00000| PB 0x0000000080c00000| Untracked 
|  12|0x0000000080c00000, 0x0000000080d00000, 0x0000000080d00000|100%| O|  |TAMS 0x0000000080d00000| PB 0x0000000080d00000| Untracked 
|  13|0x0000000080d00000, 0x0000000080e00000, 0x0000000080e00000|100%| O|  |TAMS 0x0000000080e00000| PB 0x0000000080e00000| Untracked 
|  14|0x0000000080e00000, 0x0000000080f00000, 0x0000000080f00000|100%| O|  |TAMS 0x0000000080f00000| PB 0x0000000080f00000| Untracked 
|  15|0x0000000080f00000, 0x0000000081000000, 0x0000000081000000|100%| O|  |TAMS 0x0000000081000000| PB 0x0000000081000000| Updating 
|  16|0x0000000081000000, 0x0000000081100000, 0x0000000081100000|100%| O|  |TAMS 0x0000000081100000| PB 0x0000000081100000| Untracked 
|  17|0x0000000081100000, 0x0000000081200000, 0x0000000081200000|100%| O|  |TAMS 0x0000000081200000| PB 0x0000000081200000| Untracked 
|  18|0x0000000081200000, 0x0000000081300000, 0x0000000081300000|100%| O|  |TAMS 0x0000000081300000| PB 0x0000000081300000| Untracked 
|  19|0x0000000081300000, 0x0000000081400000, 0x0000000081400000|100%| O|  |TAMS 0x0000000081400000| PB 0x0000000081400000| Untracked 
|  20|0x0000000081400000, 0x0000000081500000, 0x0000000081500000|100%| O|  |TAMS 0x0000000081500000| PB 0x0000000081500000| Untracked 
|  21|0x0000000081500000, 0x0000000081600000, 0x0000000081600000|100%| O|  |TAMS 0x0000000081600000| PB 0x0000000081600000| Updating 
|  22|0x0000000081600000, 0x0000000081700000, 0x0000000081700000|100%| O|  |TAMS 0x0000000081700000| PB 0x0000000081700000| Updating 
|  23|0x0000000081700000, 0x0000000081800000, 0x0000000081800000|100%| O|  |TAMS 0x0000000081800000| PB 0x0000000081800000| Updating 
|  24|0x0000000081800000, 0x0000000081900000, 0x0000000081900000|100%| O|  |TAMS 0x0000000081900000| PB 0x0000000081900000| Untracked 
|  25|0x0000000081900000, 0x0000000081a00000, 0x0000000081a00000|100%| O|  |TAMS 0x0000000081a00000| PB 0x0000000081a00000| Untracked 
|  26|0x0000000081a00000, 0x0000000081b00000, 0x0000000081b00000|100%| O|  |TAMS 0x0000000081b00000| PB 0x0000000081b00000| Untracked 
|  27|0x0000000081b00000, 0x0000000081c00000, 0x0000000081c00000|100%| O|  |TAMS 0x0000000081c00000| PB 0x0000000081c00000| Untracked 
|  28|0x0000000081c00000, 0x0000000081d00000, 0x0000000081d00000|100%| O|  |TAMS 0x0000000081d00000| PB 0x0000000081d00000| Updating 
|  29|0x0000000081d00000, 0x0000000081e00000, 0x0000000081e00000|100%| O|  |TAMS 0x0000000081e00000| PB 0x0000000081e00000| Updating 
|  30|0x0000000081e00000, 0x0000000081f00000, 0x0000000081f00000|100%| O|  |TAMS 0x0000000081f00000| PB 0x0000000081f00000| Untracked 
|  31|0x0000000081f00000, 0x0000000082000000, 0x0000000082000000|100%| O|  |TAMS 0x0000000082000000| PB 0x0000000082000000| Updating 
|  32|0x0000000082000000, 0x0000000082100000, 0x0000000082100000|100%| O|  |TAMS 0x0000000082100000| PB 0x0000000082100000| Untracked 
|  33|0x0000000082100000, 0x0000000082200000, 0x0000000082200000|100%| O|  |TAMS 0x0000000082200000| PB 0x0000000082200000| Untracked 
|  34|0x0000000082200000, 0x0000000082300000, 0x0000000082300000|100%| O|  |TAMS 0x0000000082300000| PB 0x0000000082300000| Updating 
|  35|0x0000000082300000, 0x0000000082400000, 0x0000000082400000|100%| O|  |TAMS 0x0000000082400000| PB 0x0000000082400000| Untracked 
|  36|0x0000000082400000, 0x0000000082500000, 0x0000000082500000|100%| O|  |TAMS 0x0000000082500000| PB 0x0000000082500000| Updating 
|  37|0x0000000082500000, 0x0000000082600000, 0x0000000082600000|100%| O|  |TAMS 0x0000000082600000| PB 0x0000000082600000| Untracked 
|  38|0x0000000082600000, 0x0000000082700000, 0x0000000082700000|100%| O|  |TAMS 0x0000000082700000| PB 0x0000000082700000| Updating 
|  39|0x0000000082700000, 0x0000000082800000, 0x0000000082800000|100%| O|  |TAMS 0x0000000082800000| PB 0x0000000082800000| Updating 
|  40|0x0000000082800000, 0x0000000082900000, 0x0000000082900000|100%| O|  |TAMS 0x0000000082900000| PB 0x0000000082900000| Updating 
|  41|0x0000000082900000, 0x0000000082a00000, 0x0000000082a00000|100%| O|  |TAMS 0x0000000082a00000| PB 0x0000000082a00000| Updating 
|  42|0x0000000082a00000, 0x0000000082b00000, 0x0000000082b00000|100%| O|  |TAMS 0x0000000082b00000| PB 0x0000000082b00000| Updating 
|  43|0x0000000082b00000, 0x0000000082c00000, 0x0000000082c00000|100%| O|  |TAMS 0x0000000082c00000| PB 0x0000000082c00000| Updating 
|  44|0x0000000082c00000, 0x0000000082d00000, 0x0000000082d00000|100%| O|  |TAMS 0x0000000082d00000| PB 0x0000000082d00000| Untracked 
|  45|0x0000000082d00000, 0x0000000082e00000, 0x0000000082e00000|100%| O|  |TAMS 0x0000000082e00000| PB 0x0000000082e00000| Updating 
|  46|0x0000000082e00000, 0x0000000082f00000, 0x0000000082f00000|100%| O|  |TAMS 0x0000000082f00000| PB 0x0000000082f00000| Untracked 
|  47|0x0000000082f00000, 0x0000000083000000, 0x0000000083000000|100%|HS|  |TAMS 0x0000000083000000| PB 0x0000000082f00000| Complete 
|  48|0x0000000083000000, 0x0000000083100000, 0x0000000083100000|100%|HS|  |TAMS 0x0000000083100000| PB 0x0000000083000000| Complete 
|  49|0x0000000083100000, 0x0000000083200000, 0x0000000083200000|100%|HS|  |TAMS 0x0000000083200000| PB 0x0000000083100000| Complete 
|  50|0x0000000083200000, 0x0000000083300000, 0x0000000083300000|100%|HC|  |TAMS 0x0000000083300000| PB 0x0000000083200000| Complete 
|  51|0x0000000083300000, 0x0000000083400000, 0x0000000083400000|100%|HS|  |TAMS 0x0000000083400000| PB 0x0000000083300000| Complete 
|  52|0x0000000083400000, 0x0000000083500000, 0x0000000083500000|100%|HC|  |TAMS 0x0000000083500000| PB 0x0000000083400000| Complete 
|  53|0x0000000083500000, 0x0000000083600000, 0x0000000083600000|100%|HS|  |TAMS 0x0000000083600000| PB 0x0000000083500000| Complete 
|  54|0x0000000083600000, 0x0000000083700000, 0x0000000083700000|100%|HS|  |TAMS 0x0000000083700000| PB 0x0000000083600000| Complete 
|  55|0x0000000083700000, 0x0000000083800000, 0x0000000083800000|100%| O|  |TAMS 0x0000000083800000| PB 0x0000000083800000| Updating 
|  56|0x0000000083800000, 0x0000000083900000, 0x0000000083900000|100%| O|  |TAMS 0x0000000083900000| PB 0x0000000083900000| Untracked 
|  57|0x0000000083900000, 0x0000000083a00000, 0x0000000083a00000|100%| O|  |TAMS 0x0000000083a00000| PB 0x0000000083a00000| Untracked 
|  58|0x0000000083a00000, 0x0000000083b00000, 0x0000000083b00000|100%| O|  |TAMS 0x0000000083b00000| PB 0x0000000083b00000| Untracked 
|  59|0x0000000083b00000, 0x0000000083c00000, 0x0000000083c00000|100%| O|  |TAMS 0x0000000083c00000| PB 0x0000000083c00000| Untracked 
|  60|0x0000000083c00000, 0x0000000083d00000, 0x0000000083d00000|100%|HS|  |TAMS 0x0000000083d00000| PB 0x0000000083c00000| Complete 
|  61|0x0000000083d00000, 0x0000000083e00000, 0x0000000083e00000|100%| O|  |TAMS 0x0000000083e00000| PB 0x0000000083e00000| Untracked 
|  62|0x0000000083e00000, 0x0000000083f00000, 0x0000000083f00000|100%|HS|  |TAMS 0x0000000083f00000| PB 0x0000000083e00000| Complete 
|  63|0x0000000083f00000, 0x0000000084000000, 0x0000000084000000|100%|HC|  |TAMS 0x0000000084000000| PB 0x0000000083f00000| Complete 
|  64|0x0000000084000000, 0x0000000084100000, 0x0000000084100000|100%|HC|  |TAMS 0x0000000084100000| PB 0x0000000084000000| Complete 
|  65|0x0000000084100000, 0x0000000084200000, 0x0000000084200000|100%|HS|  |TAMS 0x0000000084200000| PB 0x0000000084100000| Complete 
|  66|0x0000000084200000, 0x0000000084300000, 0x0000000084300000|100%| O|  |TAMS 0x0000000084300000| PB 0x0000000084300000| Updating 
|  67|0x0000000084300000, 0x0000000084400000, 0x0000000084400000|100%| O|  |TAMS 0x0000000084400000| PB 0x0000000084400000| Untracked 
|  68|0x0000000084400000, 0x0000000084500000, 0x0000000084500000|100%| O|  |TAMS 0x0000000084500000| PB 0x0000000084500000| Untracked 
|  69|0x0000000084500000, 0x0000000084600000, 0x0000000084600000|100%| O|  |TAMS 0x0000000084600000| PB 0x0000000084600000| Updating 
|  70|0x0000000084600000, 0x0000000084700000, 0x0000000084700000|100%| O|  |TAMS 0x0000000084700000| PB 0x0000000084700000| Untracked 
|  71|0x0000000084700000, 0x0000000084800000, 0x0000000084800000|100%|HS|  |TAMS 0x0000000084800000| PB 0x0000000084700000| Complete 
|  72|0x0000000084800000, 0x0000000084900000, 0x0000000084900000|100%| O|  |TAMS 0x0000000084900000| PB 0x0000000084900000| Untracked 
|  73|0x0000000084900000, 0x0000000084a00000, 0x0000000084a00000|100%| O|  |TAMS 0x0000000084a00000| PB 0x0000000084a00000| Untracked 
|  74|0x0000000084a00000, 0x0000000084b00000, 0x0000000084b00000|100%| O|  |TAMS 0x0000000084b00000| PB 0x0000000084b00000| Untracked 
|  75|0x0000000084b00000, 0x0000000084c00000, 0x0000000084c00000|100%| O|  |TAMS 0x0000000084c00000| PB 0x0000000084c00000| Untracked 
|  76|0x0000000084c00000, 0x0000000084d00000, 0x0000000084d00000|100%|HS|  |TAMS 0x0000000084d00000| PB 0x0000000084c00000| Complete 
|  77|0x0000000084d00000, 0x0000000084e00000, 0x0000000084e00000|100%|HC|  |TAMS 0x0000000084e00000| PB 0x0000000084d00000| Complete 
|  78|0x0000000084e00000, 0x0000000084f00000, 0x0000000084f00000|100%|HC|  |TAMS 0x0000000084f00000| PB 0x0000000084e00000| Complete 
|  79|0x0000000084f00000, 0x0000000085000000, 0x0000000085000000|100%| O|  |TAMS 0x0000000085000000| PB 0x0000000085000000| Untracked 
|  80|0x0000000085000000, 0x0000000085100000, 0x0000000085100000|100%| O|  |TAMS 0x0000000085100000| PB 0x0000000085100000| Updating 
|  81|0x0000000085100000, 0x0000000085200000, 0x0000000085200000|100%| O|  |TAMS 0x0000000085200000| PB 0x0000000085200000| Updating 
|  82|0x0000000085200000, 0x0000000085300000, 0x0000000085300000|100%| O|  |TAMS 0x0000000085300000| PB 0x0000000085300000| Updating 
|  83|0x0000000085300000, 0x0000000085400000, 0x0000000085400000|100%| O|  |TAMS 0x0000000085400000| PB 0x0000000085400000| Updating 
|  84|0x0000000085400000, 0x0000000085500000, 0x0000000085500000|100%| O|  |TAMS 0x0000000085500000| PB 0x0000000085500000| Untracked 
|  85|0x0000000085500000, 0x0000000085600000, 0x0000000085600000|100%| O|  |TAMS 0x0000000085600000| PB 0x0000000085600000| Untracked 
|  86|0x0000000085600000, 0x0000000085700000, 0x0000000085700000|100%| O|  |TAMS 0x0000000085700000| PB 0x0000000085700000| Untracked 
|  87|0x0000000085700000, 0x0000000085800000, 0x0000000085800000|100%| O|  |TAMS 0x0000000085800000| PB 0x0000000085800000| Untracked 
|  88|0x0000000085800000, 0x0000000085900000, 0x0000000085900000|100%| O|  |TAMS 0x0000000085900000| PB 0x0000000085900000| Untracked 
|  89|0x0000000085900000, 0x0000000085a00000, 0x0000000085a00000|100%| O|  |TAMS 0x0000000085a00000| PB 0x0000000085a00000| Untracked 
|  90|0x0000000085a00000, 0x0000000085b00000, 0x0000000085b00000|100%| O|  |TAMS 0x0000000085b00000| PB 0x0000000085b00000| Untracked 
|  91|0x0000000085b00000, 0x0000000085c00000, 0x0000000085c00000|100%| O|  |TAMS 0x0000000085c00000| PB 0x0000000085c00000| Updating 
|  92|0x0000000085c00000, 0x0000000085d00000, 0x0000000085d00000|100%| O|  |TAMS 0x0000000085d00000| PB 0x0000000085d00000| Untracked 
|  93|0x0000000085d00000, 0x0000000085e00000, 0x0000000085e00000|100%| O|  |TAMS 0x0000000085e00000| PB 0x0000000085e00000| Untracked 
|  94|0x0000000085e00000, 0x0000000085f00000, 0x0000000085f00000|100%| O|  |TAMS 0x0000000085f00000| PB 0x0000000085f00000| Updating 
|  95|0x0000000085f00000, 0x0000000086000000, 0x0000000086000000|100%| O|  |TAMS 0x0000000086000000| PB 0x0000000086000000| Untracked 
|  96|0x0000000086000000, 0x0000000086100000, 0x0000000086100000|100%| O|  |TAMS 0x0000000086100000| PB 0x0000000086100000| Untracked 
|  97|0x0000000086100000, 0x0000000086200000, 0x0000000086200000|100%| O|  |TAMS 0x0000000086200000| PB 0x0000000086200000| Untracked 
|  98|0x0000000086200000, 0x0000000086300000, 0x0000000086300000|100%| O|  |TAMS 0x0000000086300000| PB 0x0000000086300000| Updating 
|  99|0x0000000086300000, 0x0000000086400000, 0x0000000086400000|100%| O|  |TAMS 0x0000000086400000| PB 0x0000000086400000| Updating 
| 100|0x0000000086400000, 0x0000000086500000, 0x0000000086500000|100%| O|  |TAMS 0x0000000086500000| PB 0x0000000086500000| Updating 
| 101|0x0000000086500000, 0x0000000086600000, 0x0000000086600000|100%| O|  |TAMS 0x0000000086600000| PB 0x0000000086600000| Untracked 
| 102|0x0000000086600000, 0x0000000086700000, 0x0000000086700000|100%| O|  |TAMS 0x0000000086700000| PB 0x0000000086700000| Updating 
| 103|0x0000000086700000, 0x0000000086800000, 0x0000000086800000|100%| O|  |TAMS 0x0000000086800000| PB 0x0000000086800000| Untracked 
| 104|0x0000000086800000, 0x0000000086900000, 0x0000000086900000|100%| O|  |TAMS 0x0000000086900000| PB 0x0000000086900000| Updating 
| 105|0x0000000086900000, 0x0000000086a00000, 0x0000000086a00000|100%| O|  |TAMS 0x0000000086a00000| PB 0x0000000086a00000| Untracked 
| 106|0x0000000086a00000, 0x0000000086b00000, 0x0000000086b00000|100%| O|  |TAMS 0x0000000086b00000| PB 0x0000000086b00000| Untracked 
| 107|0x0000000086b00000, 0x0000000086c00000, 0x0000000086c00000|100%| O|  |TAMS 0x0000000086c00000| PB 0x0000000086c00000| Untracked 
| 108|0x0000000086c00000, 0x0000000086d00000, 0x0000000086d00000|100%| O|  |TAMS 0x0000000086d00000| PB 0x0000000086d00000| Untracked 
| 109|0x0000000086d00000, 0x0000000086e00000, 0x0000000086e00000|100%| O|  |TAMS 0x0000000086e00000| PB 0x0000000086e00000| Untracked 
| 110|0x0000000086e00000, 0x0000000086f00000, 0x0000000086f00000|100%| O|  |TAMS 0x0000000086f00000| PB 0x0000000086f00000| Updating 
| 111|0x0000000086f00000, 0x0000000087000000, 0x0000000087000000|100%| O|  |TAMS 0x0000000087000000| PB 0x0000000087000000| Updating 
| 112|0x0000000087000000, 0x0000000087100000, 0x0000000087100000|100%| O|  |TAMS 0x0000000087100000| PB 0x0000000087100000| Updating 
| 113|0x0000000087100000, 0x0000000087200000, 0x0000000087200000|100%| O|  |TAMS 0x0000000087200000| PB 0x0000000087200000| Untracked 
| 114|0x0000000087200000, 0x0000000087300000, 0x0000000087300000|100%| O|  |TAMS 0x0000000087300000| PB 0x0000000087300000| Untracked 
| 115|0x0000000087300000, 0x0000000087400000, 0x0000000087400000|100%| O|  |TAMS 0x0000000087400000| PB 0x0000000087400000| Untracked 
| 116|0x0000000087400000, 0x0000000087500000, 0x0000000087500000|100%| O|  |TAMS 0x0000000087500000| PB 0x0000000087500000| Updating 
| 117|0x0000000087500000, 0x0000000087600000, 0x0000000087600000|100%| O|  |TAMS 0x0000000087600000| PB 0x0000000087600000| Untracked 
| 118|0x0000000087600000, 0x0000000087700000, 0x0000000087700000|100%| O|  |TAMS 0x0000000087700000| PB 0x0000000087700000| Updating 
| 119|0x0000000087700000, 0x0000000087800000, 0x0000000087800000|100%| O|  |TAMS 0x0000000087800000| PB 0x0000000087800000| Updating 
| 120|0x0000000087800000, 0x0000000087900000, 0x0000000087900000|100%| O|  |TAMS 0x0000000087900000| PB 0x0000000087900000| Updating 
| 121|0x0000000087900000, 0x0000000087900000, 0x0000000087a00000|  0%| F|  |TAMS 0x0000000087900000| PB 0x0000000087900000| Untracked 
| 122|0x0000000087a00000, 0x0000000087b00000, 0x0000000087b00000|100%| O|  |TAMS 0x0000000087b00000| PB 0x0000000087b00000| Updating 
| 123|0x0000000087b00000, 0x0000000087c00000, 0x0000000087c00000|100%| O|  |TAMS 0x0000000087c00000| PB 0x0000000087c00000| Updating 
| 124|0x0000000087c00000, 0x0000000087d00000, 0x0000000087d00000|100%| O|  |TAMS 0x0000000087d00000| PB 0x0000000087d00000| Updating 
| 125|0x0000000087d00000, 0x0000000087e00000, 0x0000000087e00000|100%| O|  |TAMS 0x0000000087e00000| PB 0x0000000087e00000| Updating 
| 126|0x0000000087e00000, 0x0000000087e00000, 0x0000000087f00000|  0%| F|  |TAMS 0x0000000087e00000| PB 0x0000000087e00000| Untracked 
| 127|0x0000000087f00000, 0x0000000088000000, 0x0000000088000000|100%| O|  |TAMS 0x0000000088000000| PB 0x0000000088000000| Untracked 
| 128|0x0000000088000000, 0x0000000088100000, 0x0000000088100000|100%| O|  |TAMS 0x0000000088100000| PB 0x0000000088100000| Updating 
| 129|0x0000000088100000, 0x0000000088200000, 0x0000000088200000|100%| O|  |TAMS 0x0000000088200000| PB 0x0000000088200000| Updating 
| 130|0x0000000088200000, 0x0000000088300000, 0x0000000088300000|100%| O|  |TAMS 0x0000000088300000| PB 0x0000000088300000| Updating 
| 131|0x0000000088300000, 0x0000000088400000, 0x0000000088400000|100%| O|  |TAMS 0x0000000088400000| PB 0x0000000088400000| Updating 
| 132|0x0000000088400000, 0x0000000088500000, 0x0000000088500000|100%| O|  |TAMS 0x0000000088500000| PB 0x0000000088500000| Updating 
| 133|0x0000000088500000, 0x0000000088500000, 0x0000000088600000|  0%| F|  |TAMS 0x0000000088500000| PB 0x0000000088500000| Untracked 
| 134|0x0000000088600000, 0x0000000088700000, 0x0000000088700000|100%| O|  |TAMS 0x0000000088600000| PB 0x0000000088600000| Untracked 
| 135|0x0000000088700000, 0x0000000088800000, 0x0000000088800000|100%| O|  |TAMS 0x0000000088800000| PB 0x0000000088800000| Updating 
| 136|0x0000000088800000, 0x0000000088900000, 0x0000000088900000|100%| O|  |TAMS 0x0000000088900000| PB 0x0000000088900000| Updating 
| 137|0x0000000088900000, 0x0000000088a00000, 0x0000000088a00000|100%| O|  |TAMS 0x0000000088a00000| PB 0x0000000088a00000| Updating 
| 138|0x0000000088a00000, 0x0000000088a00000, 0x0000000088b00000|  0%| F|  |TAMS 0x0000000088a00000| PB 0x0000000088a00000| Untracked 
| 139|0x0000000088b00000, 0x0000000088c00000, 0x0000000088c00000|100%| O|  |TAMS 0x0000000088c00000| PB 0x0000000088c00000| Updating 
| 140|0x0000000088c00000, 0x0000000088d00000, 0x0000000088d00000|100%| O|  |TAMS 0x0000000088d00000| PB 0x0000000088d00000| Updating 
| 141|0x0000000088d00000, 0x0000000088e00000, 0x0000000088e00000|100%| O|  |TAMS 0x0000000088e00000| PB 0x0000000088e00000| Updating 
| 142|0x0000000088e00000, 0x0000000088e00000, 0x0000000088f00000|  0%| F|  |TAMS 0x0000000088e00000| PB 0x0000000088e00000| Untracked 
| 143|0x0000000088f00000, 0x0000000088f00000, 0x0000000089000000|  0%| F|  |TAMS 0x0000000088f00000| PB 0x0000000088f00000| Untracked 
| 144|0x0000000089000000, 0x0000000089100000, 0x0000000089100000|100%| O|  |TAMS 0x0000000089100000| PB 0x0000000089100000| Updating 
| 145|0x0000000089100000, 0x0000000089100000, 0x0000000089200000|  0%| F|  |TAMS 0x0000000089100000| PB 0x0000000089100000| Untracked 
| 146|0x0000000089200000, 0x0000000089200000, 0x0000000089300000|  0%| F|  |TAMS 0x0000000089200000| PB 0x0000000089200000| Untracked 
| 147|0x0000000089300000, 0x0000000089400000, 0x0000000089400000|100%| O|  |TAMS 0x0000000089400000| PB 0x0000000089400000| Updating 
| 148|0x0000000089400000, 0x0000000089500000, 0x0000000089500000|100%| O|  |TAMS 0x0000000089500000| PB 0x0000000089500000| Updating 
| 149|0x0000000089500000, 0x0000000089600000, 0x0000000089600000|100%| O|  |TAMS 0x0000000089600000| PB 0x0000000089600000| Updating 
| 150|0x0000000089600000, 0x0000000089700000, 0x0000000089700000|100%| O|  |TAMS 0x0000000089700000| PB 0x0000000089700000| Updating 
| 151|0x0000000089700000, 0x0000000089700000, 0x0000000089800000|  0%| F|  |TAMS 0x0000000089700000| PB 0x0000000089700000| Untracked 
| 152|0x0000000089800000, 0x0000000089900000, 0x0000000089900000|100%| O|  |TAMS 0x0000000089900000| PB 0x0000000089900000| Untracked 
| 153|0x0000000089900000, 0x0000000089a00000, 0x0000000089a00000|100%| O|  |TAMS 0x0000000089a00000| PB 0x0000000089a00000| Untracked 
| 154|0x0000000089a00000, 0x0000000089a00000, 0x0000000089b00000|  0%| F|  |TAMS 0x0000000089a00000| PB 0x0000000089a00000| Untracked 
| 155|0x0000000089b00000, 0x0000000089c00000, 0x0000000089c00000|100%| O|  |TAMS 0x0000000089c00000| PB 0x0000000089c00000| Updating 
| 156|0x0000000089c00000, 0x0000000089d00000, 0x0000000089d00000|100%| O|  |TAMS 0x0000000089d00000| PB 0x0000000089d00000| Untracked 
| 157|0x0000000089d00000, 0x0000000089e00000, 0x0000000089e00000|100%| O|  |TAMS 0x0000000089e00000| PB 0x0000000089e00000| Updating 
| 158|0x0000000089e00000, 0x0000000089f00000, 0x0000000089f00000|100%| O|  |TAMS 0x0000000089f00000| PB 0x0000000089f00000| Updating 
| 159|0x0000000089f00000, 0x000000008a000000, 0x000000008a000000|100%| O|  |TAMS 0x000000008a000000| PB 0x000000008a000000| Updating 
| 160|0x000000008a000000, 0x000000008a100000, 0x000000008a100000|100%| O|  |TAMS 0x000000008a100000| PB 0x000000008a100000| Updating 
| 161|0x000000008a100000, 0x000000008a200000, 0x000000008a200000|100%|HS|  |TAMS 0x000000008a200000| PB 0x000000008a100000| Complete 
| 162|0x000000008a200000, 0x000000008a300000, 0x000000008a300000|100%| O|  |TAMS 0x000000008a300000| PB 0x000000008a300000| Updating 
| 163|0x000000008a300000, 0x000000008a400000, 0x000000008a400000|100%| O|  |TAMS 0x000000008a300000| PB 0x000000008a300000| Untracked 
| 164|0x000000008a400000, 0x000000008a500000, 0x000000008a500000|100%| O|  |TAMS 0x000000008a500000| PB 0x000000008a500000| Updating 
| 165|0x000000008a500000, 0x000000008a600000, 0x000000008a600000|100%| O|  |TAMS 0x000000008a600000| PB 0x000000008a600000| Updating 
| 166|0x000000008a600000, 0x000000008a600000, 0x000000008a700000|  0%| F|  |TAMS 0x000000008a600000| PB 0x000000008a600000| Untracked 
| 167|0x000000008a700000, 0x000000008a800000, 0x000000008a800000|100%| O|  |TAMS 0x000000008a800000| PB 0x000000008a800000| Updating 
| 168|0x000000008a800000, 0x000000008a900000, 0x000000008a900000|100%| O|  |TAMS 0x000000008a900000| PB 0x000000008a900000| Updating 
| 169|0x000000008a900000, 0x000000008aa00000, 0x000000008aa00000|100%| O|  |TAMS 0x000000008aa00000| PB 0x000000008aa00000| Untracked 
| 170|0x000000008aa00000, 0x000000008ab00000, 0x000000008ab00000|100%| O|  |TAMS 0x000000008ab00000| PB 0x000000008ab00000| Updating 
| 171|0x000000008ab00000, 0x000000008ab00000, 0x000000008ac00000|  0%| F|  |TAMS 0x000000008ab00000| PB 0x000000008ab00000| Untracked 
| 172|0x000000008ac00000, 0x000000008ad00000, 0x000000008ad00000|100%| O|  |TAMS 0x000000008ad00000| PB 0x000000008ad00000| Updating 
| 173|0x000000008ad00000, 0x000000008ae00000, 0x000000008ae00000|100%| O|  |TAMS 0x000000008ae00000| PB 0x000000008ae00000| Untracked 
| 174|0x000000008ae00000, 0x000000008ae00000, 0x000000008af00000|  0%| F|  |TAMS 0x000000008ae00000| PB 0x000000008ae00000| Untracked 
| 175|0x000000008af00000, 0x000000008b000000, 0x000000008b000000|100%|HS|  |TAMS 0x000000008b000000| PB 0x000000008af00000| Complete 
| 176|0x000000008b000000, 0x000000008b100000, 0x000000008b100000|100%|HC|  |TAMS 0x000000008b100000| PB 0x000000008b000000| Complete 
| 177|0x000000008b100000, 0x000000008b100000, 0x000000008b200000|  0%| F|  |TAMS 0x000000008b100000| PB 0x000000008b100000| Untracked 
| 178|0x000000008b200000, 0x000000008b300000, 0x000000008b300000|100%| O|  |TAMS 0x000000008b300000| PB 0x000000008b300000| Updating 
| 179|0x000000008b300000, 0x000000008b400000, 0x000000008b400000|100%| O|  |TAMS 0x000000008b400000| PB 0x000000008b400000| Untracked 
| 180|0x000000008b400000, 0x000000008b500000, 0x000000008b500000|100%|HS|  |TAMS 0x000000008b500000| PB 0x000000008b400000| Complete 
| 181|0x000000008b500000, 0x000000008b600000, 0x000000008b600000|100%| O|  |TAMS 0x000000008b600000| PB 0x000000008b600000| Updating 
| 182|0x000000008b600000, 0x000000008b700000, 0x000000008b700000|100%| O|  |TAMS 0x000000008b700000| PB 0x000000008b700000| Untracked 
| 183|0x000000008b700000, 0x000000008b800000, 0x000000008b800000|100%| O|  |TAMS 0x000000008b800000| PB 0x000000008b800000| Untracked 
| 184|0x000000008b800000, 0x000000008b900000, 0x000000008b900000|100%| O|  |TAMS 0x000000008b900000| PB 0x000000008b900000| Updating 
| 185|0x000000008b900000, 0x000000008ba00000, 0x000000008ba00000|100%| O|  |TAMS 0x000000008ba00000| PB 0x000000008ba00000| Updating 
| 186|0x000000008ba00000, 0x000000008bb00000, 0x000000008bb00000|100%|HS|  |TAMS 0x000000008bb00000| PB 0x000000008ba00000| Complete 
| 187|0x000000008bb00000, 0x000000008bc00000, 0x000000008bc00000|100%|HC|  |TAMS 0x000000008bc00000| PB 0x000000008bb00000| Complete 
| 188|0x000000008bc00000, 0x000000008bd00000, 0x000000008bd00000|100%| O|  |TAMS 0x000000008bd00000| PB 0x000000008bd00000| Updating 
| 189|0x000000008bd00000, 0x000000008be00000, 0x000000008be00000|100%| O|  |TAMS 0x000000008be00000| PB 0x000000008be00000| Untracked 
| 190|0x000000008be00000, 0x000000008bf00000, 0x000000008bf00000|100%| O|  |TAMS 0x000000008bf00000| PB 0x000000008bf00000| Updating 
| 191|0x000000008bf00000, 0x000000008c000000, 0x000000008c000000|100%| O|  |TAMS 0x000000008c000000| PB 0x000000008c000000| Updating 
| 192|0x000000008c000000, 0x000000008c100000, 0x000000008c100000|100%| O|  |TAMS 0x000000008c100000| PB 0x000000008c100000| Updating 
| 193|0x000000008c100000, 0x000000008c200000, 0x000000008c200000|100%| O|  |TAMS 0x000000008c200000| PB 0x000000008c200000| Updating 
| 194|0x000000008c200000, 0x000000008c300000, 0x000000008c300000|100%| O|  |TAMS 0x000000008c300000| PB 0x000000008c300000| Untracked 
| 195|0x000000008c300000, 0x000000008c400000, 0x000000008c400000|100%| O|  |TAMS 0x000000008c400000| PB 0x000000008c400000| Untracked 
| 196|0x000000008c400000, 0x000000008c500000, 0x000000008c500000|100%| O|  |TAMS 0x000000008c500000| PB 0x000000008c500000| Updating 
| 197|0x000000008c500000, 0x000000008c600000, 0x000000008c600000|100%| O|  |TAMS 0x000000008c600000| PB 0x000000008c600000| Untracked 
| 198|0x000000008c600000, 0x000000008c600000, 0x000000008c700000|  0%| F|  |TAMS 0x000000008c600000| PB 0x000000008c600000| Untracked 
| 199|0x000000008c700000, 0x000000008c800000, 0x000000008c800000|100%| O|  |TAMS 0x000000008c800000| PB 0x000000008c800000| Untracked 
| 200|0x000000008c800000, 0x000000008c900000, 0x000000008c900000|100%| O|  |TAMS 0x000000008c900000| PB 0x000000008c900000| Updating 
| 201|0x000000008c900000, 0x000000008c900000, 0x000000008ca00000|  0%| F|  |TAMS 0x000000008c900000| PB 0x000000008c900000| Untracked 
| 202|0x000000008ca00000, 0x000000008cb00000, 0x000000008cb00000|100%| O|  |TAMS 0x000000008cb00000| PB 0x000000008cb00000| Untracked 
| 203|0x000000008cb00000, 0x000000008cc00000, 0x000000008cc00000|100%| O|  |TAMS 0x000000008cc00000| PB 0x000000008cc00000| Updating 
| 204|0x000000008cc00000, 0x000000008cd00000, 0x000000008cd00000|100%| O|  |TAMS 0x000000008cd00000| PB 0x000000008cd00000| Updating 
| 205|0x000000008cd00000, 0x000000008ce00000, 0x000000008ce00000|100%| O|  |TAMS 0x000000008ce00000| PB 0x000000008ce00000| Updating 
| 206|0x000000008ce00000, 0x000000008cf00000, 0x000000008cf00000|100%| O|  |TAMS 0x000000008cf00000| PB 0x000000008cf00000| Updating 
| 207|0x000000008cf00000, 0x000000008d000000, 0x000000008d000000|100%| O|  |TAMS 0x000000008d000000| PB 0x000000008d000000| Updating 
| 208|0x000000008d000000, 0x000000008d100000, 0x000000008d100000|100%| O|  |TAMS 0x000000008d100000| PB 0x000000008d100000| Updating 
| 209|0x000000008d100000, 0x000000008d200000, 0x000000008d200000|100%| O|  |TAMS 0x000000008d200000| PB 0x000000008d200000| Updating 
| 210|0x000000008d200000, 0x000000008d300000, 0x000000008d300000|100%| O|  |TAMS 0x000000008d300000| PB 0x000000008d300000| Updating 
| 211|0x000000008d300000, 0x000000008d400000, 0x000000008d400000|100%| O|  |TAMS 0x000000008d400000| PB 0x000000008d400000| Updating 
| 212|0x000000008d400000, 0x000000008d500000, 0x000000008d500000|100%| O|  |TAMS 0x000000008d500000| PB 0x000000008d500000| Untracked 
| 213|0x000000008d500000, 0x000000008d600000, 0x000000008d600000|100%| O|  |TAMS 0x000000008d600000| PB 0x000000008d600000| Updating 
| 214|0x000000008d600000, 0x000000008d700000, 0x000000008d700000|100%| O|  |TAMS 0x000000008d700000| PB 0x000000008d700000| Untracked 
| 215|0x000000008d700000, 0x000000008d800000, 0x000000008d800000|100%|HS|  |TAMS 0x000000008d800000| PB 0x000000008d700000| Complete 
| 216|0x000000008d800000, 0x000000008d900000, 0x000000008d900000|100%| O|  |TAMS 0x000000008d900000| PB 0x000000008d900000| Updating 
| 217|0x000000008d900000, 0x000000008da00000, 0x000000008da00000|100%| O|  |TAMS 0x000000008da00000| PB 0x000000008da00000| Updating 
| 218|0x000000008da00000, 0x000000008db00000, 0x000000008db00000|100%| O|  |TAMS 0x000000008db00000| PB 0x000000008db00000| Updating 
| 219|0x000000008db00000, 0x000000008dc00000, 0x000000008dc00000|100%| O|  |TAMS 0x000000008dc00000| PB 0x000000008dc00000| Untracked 
| 220|0x000000008dc00000, 0x000000008dd00000, 0x000000008dd00000|100%| O|  |TAMS 0x000000008dd00000| PB 0x000000008dd00000| Updating 
| 221|0x000000008dd00000, 0x000000008de00000, 0x000000008de00000|100%| O|  |TAMS 0x000000008de00000| PB 0x000000008de00000| Updating 
| 222|0x000000008de00000, 0x000000008df00000, 0x000000008df00000|100%| O|  |TAMS 0x000000008df00000| PB 0x000000008df00000| Untracked 
| 223|0x000000008df00000, 0x000000008e000000, 0x000000008e000000|100%| O|  |TAMS 0x000000008e000000| PB 0x000000008e000000| Untracked 
| 224|0x000000008e000000, 0x000000008e100000, 0x000000008e100000|100%| O|  |TAMS 0x000000008e100000| PB 0x000000008e100000| Untracked 
| 225|0x000000008e100000, 0x000000008e200000, 0x000000008e200000|100%| O|  |TAMS 0x000000008e200000| PB 0x000000008e200000| Untracked 
| 226|0x000000008e200000, 0x000000008e300000, 0x000000008e300000|100%| O|  |TAMS 0x000000008e300000| PB 0x000000008e300000| Untracked 
| 227|0x000000008e300000, 0x000000008e400000, 0x000000008e400000|100%| O|  |TAMS 0x000000008e400000| PB 0x000000008e400000| Untracked 
| 228|0x000000008e400000, 0x000000008e500000, 0x000000008e500000|100%| O|  |TAMS 0x000000008e500000| PB 0x000000008e500000| Untracked 
| 229|0x000000008e500000, 0x000000008e600000, 0x000000008e600000|100%| O|  |TAMS 0x000000008e600000| PB 0x000000008e600000| Untracked 
| 230|0x000000008e600000, 0x000000008e700000, 0x000000008e700000|100%| O|  |TAMS 0x000000008e700000| PB 0x000000008e700000| Untracked 
| 231|0x000000008e700000, 0x000000008e800000, 0x000000008e800000|100%| O|  |TAMS 0x000000008e800000| PB 0x000000008e800000| Untracked 
| 232|0x000000008e800000, 0x000000008e900000, 0x000000008e900000|100%| O|  |TAMS 0x000000008e900000| PB 0x000000008e900000| Untracked 
| 233|0x000000008e900000, 0x000000008ea00000, 0x000000008ea00000|100%| O|  |TAMS 0x000000008ea00000| PB 0x000000008ea00000| Untracked 
| 234|0x000000008ea00000, 0x000000008eb00000, 0x000000008eb00000|100%| O|  |TAMS 0x000000008eb00000| PB 0x000000008eb00000| Updating 
| 235|0x000000008eb00000, 0x000000008ec00000, 0x000000008ec00000|100%| O|  |TAMS 0x000000008ec00000| PB 0x000000008ec00000| Updating 
| 236|0x000000008ec00000, 0x000000008ed00000, 0x000000008ed00000|100%| O|  |TAMS 0x000000008ed00000| PB 0x000000008ed00000| Updating 
| 237|0x000000008ed00000, 0x000000008ee00000, 0x000000008ee00000|100%| O|  |TAMS 0x000000008ee00000| PB 0x000000008ee00000| Updating 
| 238|0x000000008ee00000, 0x000000008ef00000, 0x000000008ef00000|100%| O|  |TAMS 0x000000008ef00000| PB 0x000000008ef00000| Updating 
| 239|0x000000008ef00000, 0x000000008ef00000, 0x000000008f000000|  0%| F|  |TAMS 0x000000008ef00000| PB 0x000000008ef00000| Untracked 
| 240|0x000000008f000000, 0x000000008f100000, 0x000000008f100000|100%|HS|  |TAMS 0x000000008f100000| PB 0x000000008f000000| Complete 
| 241|0x000000008f100000, 0x000000008f200000, 0x000000008f200000|100%| O|  |TAMS 0x000000008f100000| PB 0x000000008f100000| Untracked 
| 242|0x000000008f200000, 0x000000008f300000, 0x000000008f300000|100%|HS|  |TAMS 0x000000008f300000| PB 0x000000008f200000| Complete 
| 243|0x000000008f300000, 0x000000008f400000, 0x000000008f400000|100%|HC|  |TAMS 0x000000008f400000| PB 0x000000008f300000| Complete 
| 244|0x000000008f400000, 0x000000008f500000, 0x000000008f500000|100%|HC|  |TAMS 0x000000008f500000| PB 0x000000008f400000| Complete 
| 245|0x000000008f500000, 0x000000008f600000, 0x000000008f600000|100%|HC|  |TAMS 0x000000008f600000| PB 0x000000008f500000| Complete 
| 246|0x000000008f600000, 0x000000008f700000, 0x000000008f700000|100%|HC|  |TAMS 0x000000008f700000| PB 0x000000008f600000| Complete 
| 247|0x000000008f700000, 0x000000008f800000, 0x000000008f800000|100%|HC|  |TAMS 0x000000008f800000| PB 0x000000008f700000| Complete 
| 248|0x000000008f800000, 0x000000008f900000, 0x000000008f900000|100%|HC|  |TAMS 0x000000008f900000| PB 0x000000008f800000| Complete 
| 249|0x000000008f900000, 0x000000008fa00000, 0x000000008fa00000|100%|HC|  |TAMS 0x000000008fa00000| PB 0x000000008f900000| Complete 
| 250|0x000000008fa00000, 0x000000008fb00000, 0x000000008fb00000|100%|HC|  |TAMS 0x000000008fb00000| PB 0x000000008fa00000| Complete 
| 251|0x000000008fb00000, 0x000000008fc00000, 0x000000008fc00000|100%|HC|  |TAMS 0x000000008fc00000| PB 0x000000008fb00000| Complete 
| 252|0x000000008fc00000, 0x000000008fd00000, 0x000000008fd00000|100%|HC|  |TAMS 0x000000008fd00000| PB 0x000000008fc00000| Complete 
| 253|0x000000008fd00000, 0x000000008fe00000, 0x000000008fe00000|100%|HC|  |TAMS 0x000000008fe00000| PB 0x000000008fd00000| Complete 
| 254|0x000000008fe00000, 0x000000008ff00000, 0x000000008ff00000|100%|HC|  |TAMS 0x000000008ff00000| PB 0x000000008fe00000| Complete 
| 255|0x000000008ff00000, 0x0000000090000000, 0x0000000090000000|100%| O|  |TAMS 0x0000000090000000| PB 0x0000000090000000| Updating 
| 256|0x0000000090000000, 0x0000000090100000, 0x0000000090100000|100%| O|  |TAMS 0x0000000090100000| PB 0x0000000090100000| Untracked 
| 257|0x0000000090100000, 0x0000000090200000, 0x0000000090200000|100%| O|  |TAMS 0x0000000090200000| PB 0x0000000090200000| Updating 
| 258|0x0000000090200000, 0x0000000090300000, 0x0000000090300000|100%| O|  |TAMS 0x0000000090300000| PB 0x0000000090300000| Updating 
| 259|0x0000000090300000, 0x0000000090400000, 0x0000000090400000|100%|HS|  |TAMS 0x0000000090400000| PB 0x0000000090300000| Complete 
| 260|0x0000000090400000, 0x0000000090500000, 0x0000000090500000|100%|HC|  |TAMS 0x0000000090500000| PB 0x0000000090400000| Complete 
| 261|0x0000000090500000, 0x0000000090600000, 0x0000000090600000|100%|HC|  |TAMS 0x0000000090600000| PB 0x0000000090500000| Complete 
| 262|0x0000000090600000, 0x0000000090700000, 0x0000000090700000|100%|HC|  |TAMS 0x0000000090700000| PB 0x0000000090600000| Complete 
| 263|0x0000000090700000, 0x0000000090800000, 0x0000000090800000|100%|HC|  |TAMS 0x0000000090800000| PB 0x0000000090700000| Complete 
| 264|0x0000000090800000, 0x0000000090900000, 0x0000000090900000|100%|HC|  |TAMS 0x0000000090900000| PB 0x0000000090800000| Complete 
| 265|0x0000000090900000, 0x0000000090a00000, 0x0000000090a00000|100%|HC|  |TAMS 0x0000000090a00000| PB 0x0000000090900000| Complete 
| 266|0x0000000090a00000, 0x0000000090b00000, 0x0000000090b00000|100%|HC|  |TAMS 0x0000000090b00000| PB 0x0000000090a00000| Complete 
| 267|0x0000000090b00000, 0x0000000090c00000, 0x0000000090c00000|100%|HC|  |TAMS 0x0000000090c00000| PB 0x0000000090b00000| Complete 
| 268|0x0000000090c00000, 0x0000000090d00000, 0x0000000090d00000|100%|HC|  |TAMS 0x0000000090d00000| PB 0x0000000090c00000| Complete 
| 269|0x0000000090d00000, 0x0000000090e00000, 0x0000000090e00000|100%| O|  |TAMS 0x0000000090e00000| PB 0x0000000090e00000| Updating 
| 270|0x0000000090e00000, 0x0000000090f00000, 0x0000000090f00000|100%| O|  |TAMS 0x0000000090f00000| PB 0x0000000090f00000| Untracked 
| 271|0x0000000090f00000, 0x0000000091000000, 0x0000000091000000|100%| O|  |TAMS 0x0000000091000000| PB 0x0000000091000000| Updating 
| 272|0x0000000091000000, 0x0000000091100000, 0x0000000091100000|100%|HS|  |TAMS 0x0000000091100000| PB 0x0000000091000000| Complete 
| 273|0x0000000091100000, 0x0000000091200000, 0x0000000091200000|100%|HC|  |TAMS 0x0000000091200000| PB 0x0000000091100000| Complete 
| 274|0x0000000091200000, 0x0000000091300000, 0x0000000091300000|100%|HC|  |TAMS 0x0000000091300000| PB 0x0000000091200000| Complete 
| 275|0x0000000091300000, 0x0000000091400000, 0x0000000091400000|100%|HC|  |TAMS 0x0000000091400000| PB 0x0000000091300000| Complete 
| 276|0x0000000091400000, 0x0000000091500000, 0x0000000091500000|100%|HC|  |TAMS 0x0000000091500000| PB 0x0000000091400000| Complete 
| 277|0x0000000091500000, 0x0000000091600000, 0x0000000091600000|100%|HC|  |TAMS 0x0000000091600000| PB 0x0000000091500000| Complete 
| 278|0x0000000091600000, 0x0000000091700000, 0x0000000091700000|100%| O|  |TAMS 0x0000000091700000| PB 0x0000000091700000| Updating 
| 279|0x0000000091700000, 0x0000000091800000, 0x0000000091800000|100%| O|  |TAMS 0x0000000091800000| PB 0x0000000091800000| Untracked 
| 280|0x0000000091800000, 0x0000000091900000, 0x0000000091900000|100%| O|  |TAMS 0x0000000091900000| PB 0x0000000091900000| Untracked 
| 281|0x0000000091900000, 0x0000000091a00000, 0x0000000091a00000|100%| O|  |TAMS 0x0000000091a00000| PB 0x0000000091a00000| Untracked 
| 282|0x0000000091a00000, 0x0000000091b00000, 0x0000000091b00000|100%| O|  |TAMS 0x0000000091b00000| PB 0x0000000091b00000| Untracked 
| 283|0x0000000091b00000, 0x0000000091c00000, 0x0000000091c00000|100%| O|  |TAMS 0x0000000091c00000| PB 0x0000000091c00000| Untracked 
| 284|0x0000000091c00000, 0x0000000091d00000, 0x0000000091d00000|100%| O|  |TAMS 0x0000000091d00000| PB 0x0000000091d00000| Untracked 
| 285|0x0000000091d00000, 0x0000000091e00000, 0x0000000091e00000|100%| O|  |TAMS 0x0000000091e00000| PB 0x0000000091e00000| Untracked 
| 286|0x0000000091e00000, 0x0000000091f00000, 0x0000000091f00000|100%| O|  |TAMS 0x0000000091f00000| PB 0x0000000091f00000| Untracked 
| 287|0x0000000091f00000, 0x0000000092000000, 0x0000000092000000|100%| O|  |TAMS 0x0000000092000000| PB 0x0000000092000000| Untracked 
| 288|0x0000000092000000, 0x0000000092100000, 0x0000000092100000|100%| O|  |TAMS 0x0000000092100000| PB 0x0000000092100000| Updating 
| 289|0x0000000092100000, 0x0000000092200000, 0x0000000092200000|100%| O|  |TAMS 0x0000000092200000| PB 0x0000000092200000| Untracked 
| 290|0x0000000092200000, 0x0000000092300000, 0x0000000092300000|100%| O|  |TAMS 0x0000000092300000| PB 0x0000000092300000| Untracked 
| 291|0x0000000092300000, 0x0000000092300000, 0x0000000092400000|  0%| F|  |TAMS 0x0000000092300000| PB 0x0000000092300000| Untracked 
| 292|0x0000000092400000, 0x0000000092400000, 0x0000000092500000|  0%| F|  |TAMS 0x0000000092400000| PB 0x0000000092400000| Untracked 
| 293|0x0000000092500000, 0x0000000092500000, 0x0000000092600000|  0%| F|  |TAMS 0x0000000092500000| PB 0x0000000092500000| Untracked 
| 294|0x0000000092600000, 0x0000000092600000, 0x0000000092700000|  0%| F|  |TAMS 0x0000000092600000| PB 0x0000000092600000| Untracked 
| 295|0x0000000092700000, 0x0000000092800000, 0x0000000092800000|100%| O|  |TAMS 0x0000000092800000| PB 0x0000000092800000| Untracked 
| 296|0x0000000092800000, 0x0000000092900000, 0x0000000092900000|100%| O|  |TAMS 0x0000000092900000| PB 0x0000000092900000| Updating 
| 297|0x0000000092900000, 0x0000000092a00000, 0x0000000092a00000|100%| O|  |TAMS 0x0000000092a00000| PB 0x0000000092a00000| Updating 
| 298|0x0000000092a00000, 0x0000000092b00000, 0x0000000092b00000|100%| O|  |TAMS 0x0000000092b00000| PB 0x0000000092b00000| Updating 
| 299|0x0000000092b00000, 0x0000000092c00000, 0x0000000092c00000|100%| O|  |TAMS 0x0000000092c00000| PB 0x0000000092c00000| Untracked 
| 300|0x0000000092c00000, 0x0000000092d00000, 0x0000000092d00000|100%| O|  |TAMS 0x0000000092d00000| PB 0x0000000092d00000| Updating 
| 301|0x0000000092d00000, 0x0000000092e00000, 0x0000000092e00000|100%| O|  |TAMS 0x0000000092e00000| PB 0x0000000092e00000| Updating 
| 302|0x0000000092e00000, 0x0000000092f00000, 0x0000000092f00000|100%| O|  |TAMS 0x0000000092f00000| PB 0x0000000092f00000| Updating 
| 303|0x0000000092f00000, 0x0000000093000000, 0x0000000093000000|100%| O|  |TAMS 0x0000000093000000| PB 0x0000000093000000| Updating 
| 304|0x0000000093000000, 0x0000000093100000, 0x0000000093100000|100%| O|  |TAMS 0x0000000093100000| PB 0x0000000093100000| Updating 
| 305|0x0000000093100000, 0x0000000093200000, 0x0000000093200000|100%| O|  |TAMS 0x0000000093200000| PB 0x0000000093200000| Updating 
| 306|0x0000000093200000, 0x0000000093300000, 0x0000000093300000|100%| O|  |TAMS 0x0000000093300000| PB 0x0000000093300000| Updating 
| 307|0x0000000093300000, 0x0000000093400000, 0x0000000093400000|100%| O|  |TAMS 0x0000000093400000| PB 0x0000000093400000| Updating 
| 308|0x0000000093400000, 0x0000000093500000, 0x0000000093500000|100%| O|  |TAMS 0x0000000093500000| PB 0x0000000093500000| Updating 
| 309|0x0000000093500000, 0x0000000093600000, 0x0000000093600000|100%| O|  |TAMS 0x0000000093600000| PB 0x0000000093600000| Updating 
| 310|0x0000000093600000, 0x0000000093700000, 0x0000000093700000|100%| O|  |TAMS 0x0000000093700000| PB 0x0000000093700000| Updating 
| 311|0x0000000093700000, 0x0000000093800000, 0x0000000093800000|100%| O|  |TAMS 0x0000000093800000| PB 0x0000000093800000| Updating 
| 312|0x0000000093800000, 0x0000000093900000, 0x0000000093900000|100%| O|  |TAMS 0x0000000093900000| PB 0x0000000093900000| Updating 
| 313|0x0000000093900000, 0x0000000093a00000, 0x0000000093a00000|100%| O|  |TAMS 0x0000000093a00000| PB 0x0000000093a00000| Untracked 
| 314|0x0000000093a00000, 0x0000000093b00000, 0x0000000093b00000|100%| O|  |TAMS 0x0000000093b00000| PB 0x0000000093b00000| Untracked 
| 315|0x0000000093b00000, 0x0000000093c00000, 0x0000000093c00000|100%| O|  |TAMS 0x0000000093c00000| PB 0x0000000093c00000| Untracked 
| 316|0x0000000093c00000, 0x0000000093d00000, 0x0000000093d00000|100%| O|  |TAMS 0x0000000093d00000| PB 0x0000000093d00000| Untracked 
| 317|0x0000000093d00000, 0x0000000093e00000, 0x0000000093e00000|100%| O|  |TAMS 0x0000000093e00000| PB 0x0000000093e00000| Untracked 
| 318|0x0000000093e00000, 0x0000000093f00000, 0x0000000093f00000|100%| O|  |TAMS 0x0000000093f00000| PB 0x0000000093f00000| Untracked 
| 319|0x0000000093f00000, 0x0000000094000000, 0x0000000094000000|100%| O|  |TAMS 0x0000000094000000| PB 0x0000000094000000| Untracked 
| 320|0x0000000094000000, 0x0000000094100000, 0x0000000094100000|100%| O|  |TAMS 0x0000000094100000| PB 0x0000000094100000| Untracked 
| 321|0x0000000094100000, 0x0000000094200000, 0x0000000094200000|100%| O|  |TAMS 0x0000000094200000| PB 0x0000000094200000| Untracked 
| 322|0x0000000094200000, 0x0000000094300000, 0x0000000094300000|100%| O|  |TAMS 0x0000000094300000| PB 0x0000000094300000| Updating 
| 323|0x0000000094300000, 0x0000000094300000, 0x0000000094400000|  0%| F|  |TAMS 0x0000000094300000| PB 0x0000000094300000| Untracked 
| 324|0x0000000094400000, 0x0000000094400000, 0x0000000094500000|  0%| F|  |TAMS 0x0000000094400000| PB 0x0000000094400000| Untracked 
| 325|0x0000000094500000, 0x0000000094500000, 0x0000000094600000|  0%| F|  |TAMS 0x0000000094500000| PB 0x0000000094500000| Untracked 
| 326|0x0000000094600000, 0x0000000094600000, 0x0000000094700000|  0%| F|  |TAMS 0x0000000094600000| PB 0x0000000094600000| Untracked 
| 327|0x0000000094700000, 0x0000000094700000, 0x0000000094800000|  0%| F|  |TAMS 0x0000000094700000| PB 0x0000000094700000| Untracked 
| 328|0x0000000094800000, 0x0000000094800000, 0x0000000094900000|  0%| F|  |TAMS 0x0000000094800000| PB 0x0000000094800000| Untracked 
| 329|0x0000000094900000, 0x0000000094900000, 0x0000000094a00000|  0%| F|  |TAMS 0x0000000094900000| PB 0x0000000094900000| Untracked 
| 330|0x0000000094a00000, 0x0000000094a00000, 0x0000000094b00000|  0%| F|  |TAMS 0x0000000094a00000| PB 0x0000000094a00000| Untracked 
| 331|0x0000000094b00000, 0x0000000094b00000, 0x0000000094c00000|  0%| F|  |TAMS 0x0000000094b00000| PB 0x0000000094b00000| Untracked 
| 332|0x0000000094c00000, 0x0000000094c00000, 0x0000000094d00000|  0%| F|  |TAMS 0x0000000094c00000| PB 0x0000000094c00000| Untracked 
| 333|0x0000000094d00000, 0x0000000094d00000, 0x0000000094e00000|  0%| F|  |TAMS 0x0000000094d00000| PB 0x0000000094d00000| Untracked 
| 334|0x0000000094e00000, 0x0000000094e00000, 0x0000000094f00000|  0%| F|  |TAMS 0x0000000094e00000| PB 0x0000000094e00000| Untracked 
| 335|0x0000000094f00000, 0x0000000094f00000, 0x0000000095000000|  0%| F|  |TAMS 0x0000000094f00000| PB 0x0000000094f00000| Untracked 
| 336|0x0000000095000000, 0x0000000095100000, 0x0000000095100000|100%| O|  |TAMS 0x0000000095100000| PB 0x0000000095100000| Updating 
| 337|0x0000000095100000, 0x0000000095200000, 0x0000000095200000|100%| O|  |TAMS 0x0000000095200000| PB 0x0000000095200000| Untracked 
| 338|0x0000000095200000, 0x0000000095300000, 0x0000000095300000|100%| O|  |TAMS 0x0000000095300000| PB 0x0000000095300000| Updating 
| 339|0x0000000095300000, 0x0000000095400000, 0x0000000095400000|100%| O|  |TAMS 0x0000000095400000| PB 0x0000000095400000| Untracked 
| 340|0x0000000095400000, 0x0000000095500000, 0x0000000095500000|100%| O|  |TAMS 0x0000000095500000| PB 0x0000000095500000| Untracked 
| 341|0x0000000095500000, 0x0000000095600000, 0x0000000095600000|100%| O|  |TAMS 0x0000000095600000| PB 0x0000000095600000| Untracked 
| 342|0x0000000095600000, 0x0000000095700000, 0x0000000095700000|100%| O|  |TAMS 0x0000000095700000| PB 0x0000000095700000| Untracked 
| 343|0x0000000095700000, 0x0000000095800000, 0x0000000095800000|100%| O|  |TAMS 0x0000000095800000| PB 0x0000000095800000| Untracked 
| 344|0x0000000095800000, 0x0000000095900000, 0x0000000095900000|100%| O|  |TAMS 0x0000000095900000| PB 0x0000000095900000| Updating 
| 345|0x0000000095900000, 0x0000000095a00000, 0x0000000095a00000|100%| O|  |TAMS 0x0000000095a00000| PB 0x0000000095a00000| Updating 
| 346|0x0000000095a00000, 0x0000000095b00000, 0x0000000095b00000|100%| O|  |TAMS 0x0000000095b00000| PB 0x0000000095b00000| Updating 
| 347|0x0000000095b00000, 0x0000000095c00000, 0x0000000095c00000|100%| O|  |TAMS 0x0000000095c00000| PB 0x0000000095c00000| Updating 
| 348|0x0000000095c00000, 0x0000000095d00000, 0x0000000095d00000|100%| O|  |TAMS 0x0000000095d00000| PB 0x0000000095d00000| Updating 
| 349|0x0000000095d00000, 0x0000000095e00000, 0x0000000095e00000|100%| O|  |TAMS 0x0000000095e00000| PB 0x0000000095e00000| Updating 
| 350|0x0000000095e00000, 0x0000000095f00000, 0x0000000095f00000|100%| O|  |TAMS 0x0000000095f00000| PB 0x0000000095f00000| Updating 
| 351|0x0000000095f00000, 0x0000000096000000, 0x0000000096000000|100%| O|  |TAMS 0x0000000096000000| PB 0x0000000096000000| Updating 
| 352|0x0000000096000000, 0x0000000096100000, 0x0000000096100000|100%| O|  |TAMS 0x0000000096100000| PB 0x0000000096100000| Untracked 
| 353|0x0000000096100000, 0x0000000096200000, 0x0000000096200000|100%| O|  |TAMS 0x0000000096200000| PB 0x0000000096200000| Untracked 
| 354|0x0000000096200000, 0x0000000096300000, 0x0000000096300000|100%| O|  |TAMS 0x0000000096300000| PB 0x0000000096300000| Untracked 
| 355|0x0000000096300000, 0x0000000096400000, 0x0000000096400000|100%| O|  |TAMS 0x0000000096400000| PB 0x0000000096400000| Untracked 
| 356|0x0000000096400000, 0x0000000096500000, 0x0000000096500000|100%| O|  |TAMS 0x0000000096500000| PB 0x0000000096500000| Untracked 
| 357|0x0000000096500000, 0x0000000096600000, 0x0000000096600000|100%| O|  |TAMS 0x0000000096600000| PB 0x0000000096600000| Untracked 
| 358|0x0000000096600000, 0x0000000096700000, 0x0000000096700000|100%| O|  |TAMS 0x0000000096700000| PB 0x0000000096700000| Untracked 
| 359|0x0000000096700000, 0x0000000096800000, 0x0000000096800000|100%| O|  |TAMS 0x0000000096800000| PB 0x0000000096800000| Untracked 
| 360|0x0000000096800000, 0x0000000096900000, 0x0000000096900000|100%| O|  |TAMS 0x0000000096900000| PB 0x0000000096900000| Updating 
| 361|0x0000000096900000, 0x0000000096a00000, 0x0000000096a00000|100%| O|  |TAMS 0x0000000096a00000| PB 0x0000000096a00000| Untracked 
| 362|0x0000000096a00000, 0x0000000096b00000, 0x0000000096b00000|100%| O|  |TAMS 0x0000000096b00000| PB 0x0000000096b00000| Updating 
| 363|0x0000000096b00000, 0x0000000096c00000, 0x0000000096c00000|100%| O|  |TAMS 0x0000000096c00000| PB 0x0000000096c00000| Updating 
| 364|0x0000000096c00000, 0x0000000096d00000, 0x0000000096d00000|100%| O|  |TAMS 0x0000000096d00000| PB 0x0000000096d00000| Untracked 
| 365|0x0000000096d00000, 0x0000000096e00000, 0x0000000096e00000|100%| O|  |TAMS 0x0000000096e00000| PB 0x0000000096e00000| Untracked 
| 366|0x0000000096e00000, 0x0000000096f00000, 0x0000000096f00000|100%| O|  |TAMS 0x0000000096f00000| PB 0x0000000096f00000| Updating 
| 367|0x0000000096f00000, 0x0000000097000000, 0x0000000097000000|100%| O|  |TAMS 0x0000000097000000| PB 0x0000000097000000| Updating 
| 368|0x0000000097000000, 0x0000000097100000, 0x0000000097100000|100%| O|  |TAMS 0x0000000097100000| PB 0x0000000097100000| Updating 
| 369|0x0000000097100000, 0x0000000097200000, 0x0000000097200000|100%| O|  |TAMS 0x0000000097200000| PB 0x0000000097200000| Untracked 
| 370|0x0000000097200000, 0x0000000097300000, 0x0000000097300000|100%| O|  |TAMS 0x0000000097300000| PB 0x0000000097300000| Untracked 
| 371|0x0000000097300000, 0x0000000097400000, 0x0000000097400000|100%| O|  |TAMS 0x0000000097400000| PB 0x0000000097400000| Untracked 
| 372|0x0000000097400000, 0x0000000097500000, 0x0000000097500000|100%| O|  |TAMS 0x0000000097500000| PB 0x0000000097500000| Updating 
| 373|0x0000000097500000, 0x0000000097500000, 0x0000000097600000|  0%| F|  |TAMS 0x0000000097500000| PB 0x0000000097500000| Untracked 
| 374|0x0000000097600000, 0x0000000097600000, 0x0000000097700000|  0%| F|  |TAMS 0x0000000097600000| PB 0x0000000097600000| Untracked 
| 375|0x0000000097700000, 0x0000000097700000, 0x0000000097800000|  0%| F|  |TAMS 0x0000000097700000| PB 0x0000000097700000| Untracked 
| 376|0x0000000097800000, 0x0000000097800000, 0x0000000097900000|  0%| F|  |TAMS 0x0000000097800000| PB 0x0000000097800000| Untracked 
| 377|0x0000000097900000, 0x0000000097900000, 0x0000000097a00000|  0%| F|  |TAMS 0x0000000097900000| PB 0x0000000097900000| Untracked 
| 378|0x0000000097a00000, 0x0000000097a00000, 0x0000000097b00000|  0%| F|  |TAMS 0x0000000097a00000| PB 0x0000000097a00000| Untracked 
| 379|0x0000000097b00000, 0x0000000097b00000, 0x0000000097c00000|  0%| F|  |TAMS 0x0000000097b00000| PB 0x0000000097b00000| Untracked 
| 380|0x0000000097c00000, 0x0000000097c00000, 0x0000000097d00000|  0%| F|  |TAMS 0x0000000097c00000| PB 0x0000000097c00000| Untracked 
| 381|0x0000000097d00000, 0x0000000097d00000, 0x0000000097e00000|  0%| F|  |TAMS 0x0000000097d00000| PB 0x0000000097d00000| Untracked 
| 382|0x0000000097e00000, 0x0000000097e00000, 0x0000000097f00000|  0%| F|  |TAMS 0x0000000097e00000| PB 0x0000000097e00000| Untracked 
| 383|0x0000000097f00000, 0x0000000097f00000, 0x0000000098000000|  0%| F|  |TAMS 0x0000000097f00000| PB 0x0000000097f00000| Untracked 
| 384|0x0000000098000000, 0x0000000098000000, 0x0000000098100000|  0%| F|  |TAMS 0x0000000098000000| PB 0x0000000098000000| Untracked 
| 385|0x0000000098100000, 0x0000000098200000, 0x0000000098200000|100%| O|  |TAMS 0x0000000098200000| PB 0x0000000098200000| Updating 
| 386|0x0000000098200000, 0x0000000098300000, 0x0000000098300000|100%| O|  |TAMS 0x0000000098300000| PB 0x0000000098300000| Updating 
| 387|0x0000000098300000, 0x0000000098400000, 0x0000000098400000|100%| O|  |TAMS 0x0000000098400000| PB 0x0000000098400000| Updating 
| 388|0x0000000098400000, 0x0000000098500000, 0x0000000098500000|100%| O|  |TAMS 0x0000000098500000| PB 0x0000000098500000| Updating 
| 389|0x0000000098500000, 0x0000000098600000, 0x0000000098600000|100%| O|  |TAMS 0x0000000098600000| PB 0x0000000098600000| Updating 
| 390|0x0000000098600000, 0x0000000098700000, 0x0000000098700000|100%|HS|  |TAMS 0x0000000098700000| PB 0x0000000098600000| Complete 
| 391|0x0000000098700000, 0x0000000098800000, 0x0000000098800000|100%| O|  |TAMS 0x0000000098800000| PB 0x0000000098800000| Untracked 
| 392|0x0000000098800000, 0x0000000098800000, 0x0000000098900000|  0%| F|  |TAMS 0x0000000098800000| PB 0x0000000098800000| Untracked 
| 393|0x0000000098900000, 0x0000000098900000, 0x0000000098a00000|  0%| F|  |TAMS 0x0000000098900000| PB 0x0000000098900000| Untracked 
| 394|0x0000000098a00000, 0x0000000098a00000, 0x0000000098b00000|  0%| F|  |TAMS 0x0000000098a00000| PB 0x0000000098a00000| Untracked 
| 395|0x0000000098b00000, 0x0000000098b00000, 0x0000000098c00000|  0%| F|  |TAMS 0x0000000098b00000| PB 0x0000000098b00000| Untracked 
| 396|0x0000000098c00000, 0x0000000098c00000, 0x0000000098d00000|  0%| F|  |TAMS 0x0000000098c00000| PB 0x0000000098c00000| Untracked 
| 397|0x0000000098d00000, 0x0000000098d00000, 0x0000000098e00000|  0%| F|  |TAMS 0x0000000098d00000| PB 0x0000000098d00000| Untracked 
| 398|0x0000000098e00000, 0x0000000098e00000, 0x0000000098f00000|  0%| F|  |TAMS 0x0000000098e00000| PB 0x0000000098e00000| Untracked 
| 399|0x0000000098f00000, 0x0000000098f00000, 0x0000000099000000|  0%| F|  |TAMS 0x0000000098f00000| PB 0x0000000098f00000| Untracked 
| 400|0x0000000099000000, 0x0000000099000000, 0x0000000099100000|  0%| F|  |TAMS 0x0000000099000000| PB 0x0000000099000000| Untracked 
| 401|0x0000000099100000, 0x0000000099200000, 0x0000000099200000|100%| O|  |TAMS 0x0000000099200000| PB 0x0000000099200000| Updating 
| 402|0x0000000099200000, 0x0000000099300000, 0x0000000099300000|100%| O|  |TAMS 0x0000000099300000| PB 0x0000000099300000| Updating 
| 403|0x0000000099300000, 0x0000000099300000, 0x0000000099400000|  0%| F|  |TAMS 0x0000000099300000| PB 0x0000000099300000| Untracked 
| 404|0x0000000099400000, 0x0000000099500000, 0x0000000099500000|100%| O|  |TAMS 0x0000000099500000| PB 0x0000000099500000| Updating 
| 405|0x0000000099500000, 0x0000000099500000, 0x0000000099600000|  0%| F|  |TAMS 0x0000000099500000| PB 0x0000000099500000| Untracked 
| 406|0x0000000099600000, 0x0000000099700000, 0x0000000099700000|100%| O|  |TAMS 0x0000000099700000| PB 0x0000000099700000| Untracked 
| 407|0x0000000099700000, 0x0000000099800000, 0x0000000099800000|100%| O|  |TAMS 0x0000000099800000| PB 0x0000000099800000| Updating 
| 408|0x0000000099800000, 0x0000000099900000, 0x0000000099900000|100%| O|  |TAMS 0x0000000099900000| PB 0x0000000099900000| Updating 
| 409|0x0000000099900000, 0x0000000099a00000, 0x0000000099a00000|100%| O|  |TAMS 0x0000000099a00000| PB 0x0000000099a00000| Updating 
| 410|0x0000000099a00000, 0x0000000099b00000, 0x0000000099b00000|100%| O|  |TAMS 0x0000000099b00000| PB 0x0000000099b00000| Updating 
| 411|0x0000000099b00000, 0x0000000099b00000, 0x0000000099c00000|  0%| F|  |TAMS 0x0000000099b00000| PB 0x0000000099b00000| Untracked 
| 412|0x0000000099c00000, 0x0000000099c00000, 0x0000000099d00000|  0%| F|  |TAMS 0x0000000099c00000| PB 0x0000000099c00000| Untracked 
| 413|0x0000000099d00000, 0x0000000099e00000, 0x0000000099e00000|100%| O|  |TAMS 0x0000000099e00000| PB 0x0000000099e00000| Updating 
| 414|0x0000000099e00000, 0x0000000099f00000, 0x0000000099f00000|100%| O|  |TAMS 0x0000000099f00000| PB 0x0000000099f00000| Untracked 
| 415|0x0000000099f00000, 0x000000009a000000, 0x000000009a000000|100%|HS|  |TAMS 0x000000009a000000| PB 0x0000000099f00000| Complete 
| 416|0x000000009a000000, 0x000000009a100000, 0x000000009a100000|100%|HC|  |TAMS 0x000000009a100000| PB 0x000000009a000000| Complete 
| 417|0x000000009a100000, 0x000000009a200000, 0x000000009a200000|100%|HC|  |TAMS 0x000000009a200000| PB 0x000000009a100000| Complete 
| 418|0x000000009a200000, 0x000000009a300000, 0x000000009a300000|100%| O|  |TAMS 0x000000009a300000| PB 0x000000009a300000| Updating 
| 419|0x000000009a300000, 0x000000009a400000, 0x000000009a400000|100%| O|  |TAMS 0x000000009a400000| PB 0x000000009a400000| Untracked 
| 420|0x000000009a400000, 0x000000009a500000, 0x000000009a500000|100%| O|  |TAMS 0x000000009a500000| PB 0x000000009a500000| Updating 
| 421|0x000000009a500000, 0x000000009a600000, 0x000000009a600000|100%| O|  |TAMS 0x000000009a600000| PB 0x000000009a600000| Updating 
| 422|0x000000009a600000, 0x000000009a700000, 0x000000009a700000|100%| O|  |TAMS 0x000000009a700000| PB 0x000000009a700000| Updating 
| 423|0x000000009a700000, 0x000000009a800000, 0x000000009a800000|100%| O|  |TAMS 0x000000009a800000| PB 0x000000009a800000| Updating 
| 424|0x000000009a800000, 0x000000009a900000, 0x000000009a900000|100%| O|  |TAMS 0x000000009a900000| PB 0x000000009a900000| Updating 
| 425|0x000000009a900000, 0x000000009aa00000, 0x000000009aa00000|100%| O|  |TAMS 0x000000009aa00000| PB 0x000000009aa00000| Updating 
| 426|0x000000009aa00000, 0x000000009ab00000, 0x000000009ab00000|100%| O|  |TAMS 0x000000009ab00000| PB 0x000000009ab00000| Untracked 
| 427|0x000000009ab00000, 0x000000009ac00000, 0x000000009ac00000|100%| O|  |TAMS 0x000000009ac00000| PB 0x000000009ac00000| Untracked 
| 428|0x000000009ac00000, 0x000000009ad00000, 0x000000009ad00000|100%| O|  |TAMS 0x000000009ad00000| PB 0x000000009ad00000| Untracked 
| 429|0x000000009ad00000, 0x000000009ae00000, 0x000000009ae00000|100%| O|  |TAMS 0x000000009ae00000| PB 0x000000009ae00000| Untracked 
| 430|0x000000009ae00000, 0x000000009af00000, 0x000000009af00000|100%| O|  |TAMS 0x000000009af00000| PB 0x000000009af00000| Untracked 
| 431|0x000000009af00000, 0x000000009b000000, 0x000000009b000000|100%| O|  |TAMS 0x000000009b000000| PB 0x000000009b000000| Updating 
| 432|0x000000009b000000, 0x000000009b100000, 0x000000009b100000|100%| O|  |TAMS 0x000000009b100000| PB 0x000000009b100000| Untracked 
| 433|0x000000009b100000, 0x000000009b200000, 0x000000009b200000|100%| O|  |TAMS 0x000000009b200000| PB 0x000000009b200000| Updating 
| 434|0x000000009b200000, 0x000000009b300000, 0x000000009b300000|100%| O|  |TAMS 0x000000009b300000| PB 0x000000009b300000| Updating 
| 435|0x000000009b300000, 0x000000009b400000, 0x000000009b400000|100%| O|  |TAMS 0x000000009b400000| PB 0x000000009b400000| Untracked 
| 436|0x000000009b400000, 0x000000009b500000, 0x000000009b500000|100%| O|  |TAMS 0x000000009b500000| PB 0x000000009b500000| Untracked 
| 437|0x000000009b500000, 0x000000009b600000, 0x000000009b600000|100%| O|  |TAMS 0x000000009b600000| PB 0x000000009b600000| Untracked 
| 438|0x000000009b600000, 0x000000009b700000, 0x000000009b700000|100%| O|  |TAMS 0x000000009b700000| PB 0x000000009b700000| Updating 
| 439|0x000000009b700000, 0x000000009b800000, 0x000000009b800000|100%| O|  |TAMS 0x000000009b800000| PB 0x000000009b800000| Untracked 
| 440|0x000000009b800000, 0x000000009b900000, 0x000000009b900000|100%| O|  |TAMS 0x000000009b900000| PB 0x000000009b900000| Untracked 
| 441|0x000000009b900000, 0x000000009ba00000, 0x000000009ba00000|100%| O|  |TAMS 0x000000009ba00000| PB 0x000000009ba00000| Untracked 
| 442|0x000000009ba00000, 0x000000009bb00000, 0x000000009bb00000|100%| O|  |TAMS 0x000000009bb00000| PB 0x000000009bb00000| Untracked 
| 443|0x000000009bb00000, 0x000000009bc00000, 0x000000009bc00000|100%| O|  |TAMS 0x000000009bc00000| PB 0x000000009bc00000| Untracked 
| 444|0x000000009bc00000, 0x000000009bd00000, 0x000000009bd00000|100%| O|  |TAMS 0x000000009bd00000| PB 0x000000009bd00000| Untracked 
| 445|0x000000009bd00000, 0x000000009be00000, 0x000000009be00000|100%| O|  |TAMS 0x000000009be00000| PB 0x000000009be00000| Updating 
| 446|0x000000009be00000, 0x000000009bf00000, 0x000000009bf00000|100%| O|  |TAMS 0x000000009bf00000| PB 0x000000009bf00000| Untracked 
| 447|0x000000009bf00000, 0x000000009c000000, 0x000000009c000000|100%| O|  |TAMS 0x000000009c000000| PB 0x000000009c000000| Untracked 
| 448|0x000000009c000000, 0x000000009c100000, 0x000000009c100000|100%| O|  |TAMS 0x000000009c100000| PB 0x000000009c100000| Untracked 
| 449|0x000000009c100000, 0x000000009c200000, 0x000000009c200000|100%| O|  |TAMS 0x000000009c200000| PB 0x000000009c200000| Updating 
| 450|0x000000009c200000, 0x000000009c300000, 0x000000009c300000|100%| O|  |TAMS 0x000000009c300000| PB 0x000000009c300000| Untracked 
| 451|0x000000009c300000, 0x000000009c400000, 0x000000009c400000|100%| O|  |TAMS 0x000000009c400000| PB 0x000000009c400000| Untracked 
| 452|0x000000009c400000, 0x000000009c500000, 0x000000009c500000|100%| O|  |TAMS 0x000000009c500000| PB 0x000000009c500000| Untracked 
| 453|0x000000009c500000, 0x000000009c600000, 0x000000009c600000|100%| O|  |TAMS 0x000000009c600000| PB 0x000000009c600000| Updating 
| 454|0x000000009c600000, 0x000000009c700000, 0x000000009c700000|100%| O|  |TAMS 0x000000009c700000| PB 0x000000009c700000| Updating 
| 455|0x000000009c700000, 0x000000009c800000, 0x000000009c800000|100%| O|  |TAMS 0x000000009c800000| PB 0x000000009c800000| Updating 
| 456|0x000000009c800000, 0x000000009c900000, 0x000000009c900000|100%| O|  |TAMS 0x000000009c900000| PB 0x000000009c900000| Updating 
| 457|0x000000009c900000, 0x000000009ca00000, 0x000000009ca00000|100%| O|  |TAMS 0x000000009ca00000| PB 0x000000009ca00000| Updating 
| 458|0x000000009ca00000, 0x000000009ca00000, 0x000000009cb00000|  0%| F|  |TAMS 0x000000009ca00000| PB 0x000000009ca00000| Untracked 
| 459|0x000000009cb00000, 0x000000009cb00000, 0x000000009cc00000|  0%| F|  |TAMS 0x000000009cb00000| PB 0x000000009cb00000| Untracked 
| 460|0x000000009cc00000, 0x000000009cc00000, 0x000000009cd00000|  0%| F|  |TAMS 0x000000009cc00000| PB 0x000000009cc00000| Untracked 
| 461|0x000000009cd00000, 0x000000009ce00000, 0x000000009ce00000|100%| O|  |TAMS 0x000000009ce00000| PB 0x000000009ce00000| Untracked 
| 462|0x000000009ce00000, 0x000000009cf00000, 0x000000009cf00000|100%| O|  |TAMS 0x000000009cf00000| PB 0x000000009cf00000| Untracked 
| 463|0x000000009cf00000, 0x000000009cf00000, 0x000000009d000000|  0%| F|  |TAMS 0x000000009cf00000| PB 0x000000009cf00000| Untracked 
| 464|0x000000009d000000, 0x000000009d100000, 0x000000009d100000|100%| O|  |TAMS 0x000000009d100000| PB 0x000000009d100000| Untracked 
| 465|0x000000009d100000, 0x000000009d200000, 0x000000009d200000|100%| O|  |TAMS 0x000000009d200000| PB 0x000000009d200000| Untracked 
| 466|0x000000009d200000, 0x000000009d300000, 0x000000009d300000|100%| O|  |TAMS 0x000000009d300000| PB 0x000000009d300000| Updating 
| 467|0x000000009d300000, 0x000000009d400000, 0x000000009d400000|100%| O|  |TAMS 0x000000009d400000| PB 0x000000009d400000| Untracked 
| 468|0x000000009d400000, 0x000000009d500000, 0x000000009d500000|100%| O|  |TAMS 0x000000009d500000| PB 0x000000009d500000| Untracked 
| 469|0x000000009d500000, 0x000000009d600000, 0x000000009d600000|100%| O|  |TAMS 0x000000009d600000| PB 0x000000009d600000| Untracked 
| 470|0x000000009d600000, 0x000000009d700000, 0x000000009d700000|100%| O|  |TAMS 0x000000009d700000| PB 0x000000009d700000| Updating 
| 471|0x000000009d700000, 0x000000009d800000, 0x000000009d800000|100%| O|  |TAMS 0x000000009d800000| PB 0x000000009d800000| Untracked 
| 472|0x000000009d800000, 0x000000009d900000, 0x000000009d900000|100%| O|  |TAMS 0x000000009d900000| PB 0x000000009d900000| Untracked 
| 473|0x000000009d900000, 0x000000009da00000, 0x000000009da00000|100%| O|  |TAMS 0x000000009da00000| PB 0x000000009da00000| Updating 
| 474|0x000000009da00000, 0x000000009db00000, 0x000000009db00000|100%| O|  |TAMS 0x000000009db00000| PB 0x000000009db00000| Updating 
| 475|0x000000009db00000, 0x000000009db00000, 0x000000009dc00000|  0%| F|  |TAMS 0x000000009db00000| PB 0x000000009db00000| Untracked 
| 476|0x000000009dc00000, 0x000000009dd00000, 0x000000009dd00000|100%| O|  |TAMS 0x000000009dd00000| PB 0x000000009dd00000| Updating 
| 477|0x000000009dd00000, 0x000000009de00000, 0x000000009de00000|100%| O|  |TAMS 0x000000009de00000| PB 0x000000009de00000| Untracked 
| 478|0x000000009de00000, 0x000000009df00000, 0x000000009df00000|100%| O|  |TAMS 0x000000009df00000| PB 0x000000009df00000| Untracked 
| 479|0x000000009df00000, 0x000000009e000000, 0x000000009e000000|100%| O|  |TAMS 0x000000009e000000| PB 0x000000009e000000| Untracked 
| 480|0x000000009e000000, 0x000000009e100000, 0x000000009e100000|100%| O|  |TAMS 0x000000009e100000| PB 0x000000009e100000| Untracked 
| 481|0x000000009e100000, 0x000000009e200000, 0x000000009e200000|100%| O|  |TAMS 0x000000009e200000| PB 0x000000009e200000| Untracked 
| 482|0x000000009e200000, 0x000000009e300000, 0x000000009e300000|100%| O|  |TAMS 0x000000009e300000| PB 0x000000009e300000| Untracked 
| 483|0x000000009e300000, 0x000000009e400000, 0x000000009e400000|100%| O|  |TAMS 0x000000009e400000| PB 0x000000009e400000| Untracked 
| 484|0x000000009e400000, 0x000000009e500000, 0x000000009e500000|100%| O|  |TAMS 0x000000009e500000| PB 0x000000009e500000| Untracked 
| 485|0x000000009e500000, 0x000000009e600000, 0x000000009e600000|100%| O|  |TAMS 0x000000009e600000| PB 0x000000009e600000| Untracked 
| 486|0x000000009e600000, 0x000000009e700000, 0x000000009e700000|100%| O|  |TAMS 0x000000009e700000| PB 0x000000009e700000| Untracked 
| 487|0x000000009e700000, 0x000000009e800000, 0x000000009e800000|100%| O|  |TAMS 0x000000009e800000| PB 0x000000009e800000| Untracked 
| 488|0x000000009e800000, 0x000000009e900000, 0x000000009e900000|100%| O|  |TAMS 0x000000009e900000| PB 0x000000009e900000| Untracked 
| 489|0x000000009e900000, 0x000000009ea00000, 0x000000009ea00000|100%| O|  |TAMS 0x000000009ea00000| PB 0x000000009ea00000| Untracked 
| 490|0x000000009ea00000, 0x000000009eb00000, 0x000000009eb00000|100%| O|  |TAMS 0x000000009eb00000| PB 0x000000009eb00000| Untracked 
| 491|0x000000009eb00000, 0x000000009ec00000, 0x000000009ec00000|100%|HS|  |TAMS 0x000000009ec00000| PB 0x000000009eb00000| Complete 
| 492|0x000000009ec00000, 0x000000009ed00000, 0x000000009ed00000|100%|HC|  |TAMS 0x000000009ed00000| PB 0x000000009ec00000| Complete 
| 493|0x000000009ed00000, 0x000000009ee00000, 0x000000009ee00000|100%|HC|  |TAMS 0x000000009ee00000| PB 0x000000009ed00000| Complete 
| 494|0x000000009ee00000, 0x000000009ef00000, 0x000000009ef00000|100%| O|  |TAMS 0x000000009ef00000| PB 0x000000009ef00000| Updating 
| 495|0x000000009ef00000, 0x000000009f000000, 0x000000009f000000|100%| O|  |TAMS 0x000000009f000000| PB 0x000000009f000000| Updating 
| 496|0x000000009f000000, 0x000000009f100000, 0x000000009f100000|100%| O|  |TAMS 0x000000009f100000| PB 0x000000009f100000| Updating 
| 497|0x000000009f100000, 0x000000009f200000, 0x000000009f200000|100%| O|  |TAMS 0x000000009f200000| PB 0x000000009f200000| Updating 
| 498|0x000000009f200000, 0x000000009f300000, 0x000000009f300000|100%| O|  |TAMS 0x000000009f300000| PB 0x000000009f300000| Updating 
| 499|0x000000009f300000, 0x000000009f400000, 0x000000009f400000|100%| O|  |TAMS 0x000000009f400000| PB 0x000000009f400000| Updating 
| 500|0x000000009f400000, 0x000000009f500000, 0x000000009f500000|100%| O|  |TAMS 0x000000009f500000| PB 0x000000009f500000| Untracked 
| 501|0x000000009f500000, 0x000000009f600000, 0x000000009f600000|100%| O|  |TAMS 0x000000009f600000| PB 0x000000009f600000| Untracked 
| 502|0x000000009f600000, 0x000000009f700000, 0x000000009f700000|100%| O|  |TAMS 0x000000009f700000| PB 0x000000009f700000| Untracked 
| 503|0x000000009f700000, 0x000000009f800000, 0x000000009f800000|100%| O|  |TAMS 0x000000009f800000| PB 0x000000009f800000| Untracked 
| 504|0x000000009f800000, 0x000000009f900000, 0x000000009f900000|100%| O|  |TAMS 0x000000009f900000| PB 0x000000009f900000| Untracked 
| 505|0x000000009f900000, 0x000000009fa00000, 0x000000009fa00000|100%| O|  |TAMS 0x000000009fa00000| PB 0x000000009fa00000| Untracked 
| 506|0x000000009fa00000, 0x000000009fb00000, 0x000000009fb00000|100%| O|  |TAMS 0x000000009fb00000| PB 0x000000009fb00000| Untracked 
| 507|0x000000009fb00000, 0x000000009fc00000, 0x000000009fc00000|100%| O|  |TAMS 0x000000009fc00000| PB 0x000000009fc00000| Untracked 
| 508|0x000000009fc00000, 0x000000009fd00000, 0x000000009fd00000|100%| O|  |TAMS 0x000000009fd00000| PB 0x000000009fd00000| Untracked 
| 509|0x000000009fd00000, 0x000000009fe00000, 0x000000009fe00000|100%| O|  |TAMS 0x000000009fe00000| PB 0x000000009fe00000| Untracked 
| 510|0x000000009fe00000, 0x000000009ff00000, 0x000000009ff00000|100%| O|  |TAMS 0x000000009ff00000| PB 0x000000009ff00000| Untracked 
| 511|0x000000009ff00000, 0x00000000a0000000, 0x00000000a0000000|100%| O|  |TAMS 0x00000000a0000000| PB 0x00000000a0000000| Untracked 
| 512|0x00000000a0000000, 0x00000000a0100000, 0x00000000a0100000|100%| O|  |TAMS 0x00000000a0100000| PB 0x00000000a0100000| Untracked 
| 513|0x00000000a0100000, 0x00000000a0200000, 0x00000000a0200000|100%| O|  |TAMS 0x00000000a0200000| PB 0x00000000a0200000| Untracked 
| 514|0x00000000a0200000, 0x00000000a0300000, 0x00000000a0300000|100%| O|  |TAMS 0x00000000a0300000| PB 0x00000000a0300000| Untracked 
| 515|0x00000000a0300000, 0x00000000a0400000, 0x00000000a0400000|100%| O|  |TAMS 0x00000000a0400000| PB 0x00000000a0400000| Untracked 
| 516|0x00000000a0400000, 0x00000000a0500000, 0x00000000a0500000|100%| O|  |TAMS 0x00000000a0500000| PB 0x00000000a0500000| Untracked 
| 517|0x00000000a0500000, 0x00000000a0600000, 0x00000000a0600000|100%| O|  |TAMS 0x00000000a0600000| PB 0x00000000a0600000| Untracked 
| 518|0x00000000a0600000, 0x00000000a0700000, 0x00000000a0700000|100%| O|  |TAMS 0x00000000a0700000| PB 0x00000000a0700000| Untracked 
| 519|0x00000000a0700000, 0x00000000a0800000, 0x00000000a0800000|100%| O|  |TAMS 0x00000000a0800000| PB 0x00000000a0800000| Untracked 
| 520|0x00000000a0800000, 0x00000000a0900000, 0x00000000a0900000|100%| O|  |TAMS 0x00000000a0900000| PB 0x00000000a0900000| Untracked 
| 521|0x00000000a0900000, 0x00000000a0a00000, 0x00000000a0a00000|100%| O|  |TAMS 0x00000000a0a00000| PB 0x00000000a0a00000| Untracked 
| 522|0x00000000a0a00000, 0x00000000a0b00000, 0x00000000a0b00000|100%| O|  |TAMS 0x00000000a0b00000| PB 0x00000000a0b00000| Untracked 
| 523|0x00000000a0b00000, 0x00000000a0c00000, 0x00000000a0c00000|100%| O|  |TAMS 0x00000000a0c00000| PB 0x00000000a0c00000| Untracked 
| 524|0x00000000a0c00000, 0x00000000a0d00000, 0x00000000a0d00000|100%| O|  |TAMS 0x00000000a0d00000| PB 0x00000000a0d00000| Untracked 
| 525|0x00000000a0d00000, 0x00000000a0e00000, 0x00000000a0e00000|100%| O|  |TAMS 0x00000000a0e00000| PB 0x00000000a0e00000| Untracked 
| 526|0x00000000a0e00000, 0x00000000a0f00000, 0x00000000a0f00000|100%| O|  |TAMS 0x00000000a0f00000| PB 0x00000000a0f00000| Untracked 
| 527|0x00000000a0f00000, 0x00000000a1000000, 0x00000000a1000000|100%| O|  |TAMS 0x00000000a1000000| PB 0x00000000a1000000| Untracked 
| 528|0x00000000a1000000, 0x00000000a1100000, 0x00000000a1100000|100%| O|  |TAMS 0x00000000a1100000| PB 0x00000000a1100000| Untracked 
| 529|0x00000000a1100000, 0x00000000a1200000, 0x00000000a1200000|100%| O|  |TAMS 0x00000000a1200000| PB 0x00000000a1200000| Untracked 
| 530|0x00000000a1200000, 0x00000000a1300000, 0x00000000a1300000|100%| O|  |TAMS 0x00000000a1300000| PB 0x00000000a1300000| Untracked 
| 531|0x00000000a1300000, 0x00000000a1400000, 0x00000000a1400000|100%| O|  |TAMS 0x00000000a1400000| PB 0x00000000a1400000| Untracked 
| 532|0x00000000a1400000, 0x00000000a1500000, 0x00000000a1500000|100%| O|  |TAMS 0x00000000a1500000| PB 0x00000000a1500000| Untracked 
| 533|0x00000000a1500000, 0x00000000a1600000, 0x00000000a1600000|100%| O|  |TAMS 0x00000000a1600000| PB 0x00000000a1600000| Untracked 
| 534|0x00000000a1600000, 0x00000000a1700000, 0x00000000a1700000|100%| O|  |TAMS 0x00000000a1700000| PB 0x00000000a1700000| Untracked 
| 535|0x00000000a1700000, 0x00000000a1800000, 0x00000000a1800000|100%| O|  |TAMS 0x00000000a1800000| PB 0x00000000a1800000| Untracked 
| 536|0x00000000a1800000, 0x00000000a1900000, 0x00000000a1900000|100%| O|  |TAMS 0x00000000a1900000| PB 0x00000000a1900000| Untracked 
| 537|0x00000000a1900000, 0x00000000a1a00000, 0x00000000a1a00000|100%| O|  |TAMS 0x00000000a1a00000| PB 0x00000000a1a00000| Untracked 
| 538|0x00000000a1a00000, 0x00000000a1b00000, 0x00000000a1b00000|100%| O|  |TAMS 0x00000000a1b00000| PB 0x00000000a1b00000| Updating 
| 539|0x00000000a1b00000, 0x00000000a1c00000, 0x00000000a1c00000|100%| O|  |TAMS 0x00000000a1c00000| PB 0x00000000a1c00000| Untracked 
| 540|0x00000000a1c00000, 0x00000000a1d00000, 0x00000000a1d00000|100%| O|  |TAMS 0x00000000a1d00000| PB 0x00000000a1d00000| Untracked 
| 541|0x00000000a1d00000, 0x00000000a1e00000, 0x00000000a1e00000|100%| O|  |TAMS 0x00000000a1e00000| PB 0x00000000a1e00000| Updating 
| 542|0x00000000a1e00000, 0x00000000a1f00000, 0x00000000a1f00000|100%| O|  |TAMS 0x00000000a1f00000| PB 0x00000000a1f00000| Updating 
| 543|0x00000000a1f00000, 0x00000000a2000000, 0x00000000a2000000|100%| O|  |TAMS 0x00000000a2000000| PB 0x00000000a2000000| Updating 
| 544|0x00000000a2000000, 0x00000000a2100000, 0x00000000a2100000|100%| O|  |TAMS 0x00000000a2100000| PB 0x00000000a2100000| Untracked 
| 545|0x00000000a2100000, 0x00000000a2200000, 0x00000000a2200000|100%| O|  |TAMS 0x00000000a2200000| PB 0x00000000a2200000| Updating 
| 546|0x00000000a2200000, 0x00000000a2300000, 0x00000000a2300000|100%| O|  |TAMS 0x00000000a2300000| PB 0x00000000a2300000| Updating 
| 547|0x00000000a2300000, 0x00000000a2400000, 0x00000000a2400000|100%| O|  |TAMS 0x00000000a2400000| PB 0x00000000a2400000| Untracked 
| 548|0x00000000a2400000, 0x00000000a2500000, 0x00000000a2500000|100%| O|  |TAMS 0x00000000a2500000| PB 0x00000000a2500000| Updating 
| 549|0x00000000a2500000, 0x00000000a2600000, 0x00000000a2600000|100%| O|  |TAMS 0x00000000a2600000| PB 0x00000000a2600000| Updating 
| 550|0x00000000a2600000, 0x00000000a2700000, 0x00000000a2700000|100%| O|  |TAMS 0x00000000a2700000| PB 0x00000000a2700000| Updating 
| 551|0x00000000a2700000, 0x00000000a2800000, 0x00000000a2800000|100%| O|  |TAMS 0x00000000a2800000| PB 0x00000000a2800000| Updating 
| 552|0x00000000a2800000, 0x00000000a2900000, 0x00000000a2900000|100%| O|  |TAMS 0x00000000a2900000| PB 0x00000000a2900000| Updating 
| 553|0x00000000a2900000, 0x00000000a2a00000, 0x00000000a2a00000|100%| O|  |TAMS 0x00000000a2a00000| PB 0x00000000a2a00000| Updating 
| 554|0x00000000a2a00000, 0x00000000a2b00000, 0x00000000a2b00000|100%| O|  |TAMS 0x00000000a2b00000| PB 0x00000000a2b00000| Untracked 
| 555|0x00000000a2b00000, 0x00000000a2c00000, 0x00000000a2c00000|100%| O|  |TAMS 0x00000000a2c00000| PB 0x00000000a2c00000| Untracked 
| 556|0x00000000a2c00000, 0x00000000a2d00000, 0x00000000a2d00000|100%| O|  |TAMS 0x00000000a2d00000| PB 0x00000000a2d00000| Untracked 
| 557|0x00000000a2d00000, 0x00000000a2e00000, 0x00000000a2e00000|100%| O|  |TAMS 0x00000000a2e00000| PB 0x00000000a2e00000| Untracked 
| 558|0x00000000a2e00000, 0x00000000a2f00000, 0x00000000a2f00000|100%| O|  |TAMS 0x00000000a2f00000| PB 0x00000000a2f00000| Untracked 
| 559|0x00000000a2f00000, 0x00000000a3000000, 0x00000000a3000000|100%| O|  |TAMS 0x00000000a3000000| PB 0x00000000a3000000| Untracked 
| 560|0x00000000a3000000, 0x00000000a3100000, 0x00000000a3100000|100%| O|  |TAMS 0x00000000a3100000| PB 0x00000000a3100000| Untracked 
| 561|0x00000000a3100000, 0x00000000a3200000, 0x00000000a3200000|100%| O|  |TAMS 0x00000000a3200000| PB 0x00000000a3200000| Untracked 
| 562|0x00000000a3200000, 0x00000000a3300000, 0x00000000a3300000|100%| O|  |TAMS 0x00000000a3300000| PB 0x00000000a3300000| Untracked 
| 563|0x00000000a3300000, 0x00000000a3400000, 0x00000000a3400000|100%| O|  |TAMS 0x00000000a3400000| PB 0x00000000a3400000| Untracked 
| 564|0x00000000a3400000, 0x00000000a3500000, 0x00000000a3500000|100%| O|  |TAMS 0x00000000a3500000| PB 0x00000000a3500000| Untracked 
| 565|0x00000000a3500000, 0x00000000a3600000, 0x00000000a3600000|100%|HS|  |TAMS 0x00000000a3600000| PB 0x00000000a3500000| Complete 
| 566|0x00000000a3600000, 0x00000000a3700000, 0x00000000a3700000|100%|HC|  |TAMS 0x00000000a3700000| PB 0x00000000a3600000| Complete 
| 567|0x00000000a3700000, 0x00000000a3800000, 0x00000000a3800000|100%|HS|  |TAMS 0x00000000a3800000| PB 0x00000000a3700000| Complete 
| 568|0x00000000a3800000, 0x00000000a3900000, 0x00000000a3900000|100%|HS|  |TAMS 0x00000000a3900000| PB 0x00000000a3800000| Complete 
| 569|0x00000000a3900000, 0x00000000a3a00000, 0x00000000a3a00000|100%|HC|  |TAMS 0x00000000a3a00000| PB 0x00000000a3900000| Complete 
| 570|0x00000000a3a00000, 0x00000000a3b00000, 0x00000000a3b00000|100%|HS|  |TAMS 0x00000000a3b00000| PB 0x00000000a3a00000| Complete 
| 571|0x00000000a3b00000, 0x00000000a3c00000, 0x00000000a3c00000|100%|HC|  |TAMS 0x00000000a3c00000| PB 0x00000000a3b00000| Complete 
| 572|0x00000000a3c00000, 0x00000000a3c00000, 0x00000000a3d00000|  0%| F|  |TAMS 0x00000000a3c00000| PB 0x00000000a3c00000| Untracked 
| 573|0x00000000a3d00000, 0x00000000a3d00000, 0x00000000a3e00000|  0%| F|  |TAMS 0x00000000a3d00000| PB 0x00000000a3d00000| Untracked 
| 574|0x00000000a3e00000, 0x00000000a3f00000, 0x00000000a3f00000|100%| O|  |TAMS 0x00000000a3f00000| PB 0x00000000a3f00000| Updating 
| 575|0x00000000a3f00000, 0x00000000a4000000, 0x00000000a4000000|100%| O|  |TAMS 0x00000000a4000000| PB 0x00000000a4000000| Updating 
| 576|0x00000000a4000000, 0x00000000a4100000, 0x00000000a4100000|100%|HS|  |TAMS 0x00000000a4100000| PB 0x00000000a4000000| Complete 
| 577|0x00000000a4100000, 0x00000000a4200000, 0x00000000a4200000|100%|HC|  |TAMS 0x00000000a4200000| PB 0x00000000a4100000| Complete 
| 578|0x00000000a4200000, 0x00000000a4300000, 0x00000000a4300000|100%|HS|  |TAMS 0x00000000a4300000| PB 0x00000000a4200000| Complete 
| 579|0x00000000a4300000, 0x00000000a4400000, 0x00000000a4400000|100%|HC|  |TAMS 0x00000000a4400000| PB 0x00000000a4300000| Complete 
| 580|0x00000000a4400000, 0x00000000a4500000, 0x00000000a4500000|100%|HS|  |TAMS 0x00000000a4500000| PB 0x00000000a4400000| Complete 
| 581|0x00000000a4500000, 0x00000000a4600000, 0x00000000a4600000|100%|HS|  |TAMS 0x00000000a4600000| PB 0x00000000a4500000| Complete 
| 582|0x00000000a4600000, 0x00000000a4700000, 0x00000000a4700000|100%|HS|  |TAMS 0x00000000a4700000| PB 0x00000000a4600000| Complete 
| 583|0x00000000a4700000, 0x00000000a4800000, 0x00000000a4800000|100%|HC|  |TAMS 0x00000000a4800000| PB 0x00000000a4700000| Complete 
| 584|0x00000000a4800000, 0x00000000a4900000, 0x00000000a4900000|100%|HS|  |TAMS 0x00000000a4900000| PB 0x00000000a4800000| Complete 
| 585|0x00000000a4900000, 0x00000000a4a00000, 0x00000000a4a00000|100%|HS|  |TAMS 0x00000000a4a00000| PB 0x00000000a4900000| Complete 
| 586|0x00000000a4a00000, 0x00000000a4b00000, 0x00000000a4b00000|100%|HS|  |TAMS 0x00000000a4b00000| PB 0x00000000a4a00000| Complete 
| 587|0x00000000a4b00000, 0x00000000a4c00000, 0x00000000a4c00000|100%|HC|  |TAMS 0x00000000a4c00000| PB 0x00000000a4b00000| Complete 
| 588|0x00000000a4c00000, 0x00000000a4d00000, 0x00000000a4d00000|100%|HS|  |TAMS 0x00000000a4d00000| PB 0x00000000a4c00000| Complete 
| 589|0x00000000a4d00000, 0x00000000a4e00000, 0x00000000a4e00000|100%|HS|  |TAMS 0x00000000a4e00000| PB 0x00000000a4d00000| Complete 
| 590|0x00000000a4e00000, 0x00000000a4f00000, 0x00000000a4f00000|100%|HS|  |TAMS 0x00000000a4f00000| PB 0x00000000a4e00000| Complete 
| 591|0x00000000a4f00000, 0x00000000a5000000, 0x00000000a5000000|100%|HS|  |TAMS 0x00000000a5000000| PB 0x00000000a4f00000| Complete 
| 592|0x00000000a5000000, 0x00000000a5100000, 0x00000000a5100000|100%|HC|  |TAMS 0x00000000a5100000| PB 0x00000000a5000000| Complete 
| 593|0x00000000a5100000, 0x00000000a5200000, 0x00000000a5200000|100%|HS|  |TAMS 0x00000000a5200000| PB 0x00000000a5100000| Complete 
| 594|0x00000000a5200000, 0x00000000a5300000, 0x00000000a5300000|100%|HS|  |TAMS 0x00000000a5300000| PB 0x00000000a5200000| Complete 
| 595|0x00000000a5300000, 0x00000000a5400000, 0x00000000a5400000|100%|HS|  |TAMS 0x00000000a5400000| PB 0x00000000a5300000| Complete 
| 596|0x00000000a5400000, 0x00000000a5500000, 0x00000000a5500000|100%|HC|  |TAMS 0x00000000a5500000| PB 0x00000000a5400000| Complete 
| 597|0x00000000a5500000, 0x00000000a5600000, 0x00000000a5600000|100%|HS|  |TAMS 0x00000000a5600000| PB 0x00000000a5500000| Complete 
| 598|0x00000000a5600000, 0x00000000a5700000, 0x00000000a5700000|100%|HS|  |TAMS 0x00000000a5700000| PB 0x00000000a5600000| Complete 
| 599|0x00000000a5700000, 0x00000000a5800000, 0x00000000a5800000|100%|HS|  |TAMS 0x00000000a5800000| PB 0x00000000a5700000| Complete 
| 600|0x00000000a5800000, 0x00000000a5900000, 0x00000000a5900000|100%| O|  |TAMS 0x00000000a5900000| PB 0x00000000a5900000| Untracked 
| 601|0x00000000a5900000, 0x00000000a5a00000, 0x00000000a5a00000|100%| O|  |TAMS 0x00000000a5a00000| PB 0x00000000a5a00000| Untracked 
| 602|0x00000000a5a00000, 0x00000000a5b00000, 0x00000000a5b00000|100%| O|  |TAMS 0x00000000a5b00000| PB 0x00000000a5b00000| Untracked 
| 603|0x00000000a5b00000, 0x00000000a5c00000, 0x00000000a5c00000|100%| O|  |TAMS 0x00000000a5c00000| PB 0x00000000a5c00000| Untracked 
| 604|0x00000000a5c00000, 0x00000000a5d00000, 0x00000000a5d00000|100%| O|  |TAMS 0x00000000a5d00000| PB 0x00000000a5d00000| Untracked 
| 605|0x00000000a5d00000, 0x00000000a5e00000, 0x00000000a5e00000|100%| O|  |TAMS 0x00000000a5e00000| PB 0x00000000a5e00000| Untracked 
| 606|0x00000000a5e00000, 0x00000000a5f00000, 0x00000000a5f00000|100%| O|  |TAMS 0x00000000a5f00000| PB 0x00000000a5f00000| Untracked 
| 607|0x00000000a5f00000, 0x00000000a6000000, 0x00000000a6000000|100%| O|  |TAMS 0x00000000a6000000| PB 0x00000000a6000000| Untracked 
| 608|0x00000000a6000000, 0x00000000a6100000, 0x00000000a6100000|100%| O|  |TAMS 0x00000000a6100000| PB 0x00000000a6100000| Untracked 
| 609|0x00000000a6100000, 0x00000000a6200000, 0x00000000a6200000|100%| O|  |TAMS 0x00000000a6200000| PB 0x00000000a6200000| Untracked 
| 610|0x00000000a6200000, 0x00000000a6300000, 0x00000000a6300000|100%| O|  |TAMS 0x00000000a6300000| PB 0x00000000a6300000| Untracked 
| 611|0x00000000a6300000, 0x00000000a6400000, 0x00000000a6400000|100%| O|  |TAMS 0x00000000a6400000| PB 0x00000000a6400000| Untracked 
| 612|0x00000000a6400000, 0x00000000a6500000, 0x00000000a6500000|100%| O|  |TAMS 0x00000000a6500000| PB 0x00000000a6500000| Untracked 
| 613|0x00000000a6500000, 0x00000000a6600000, 0x00000000a6600000|100%| O|  |TAMS 0x00000000a6600000| PB 0x00000000a6600000| Untracked 
| 614|0x00000000a6600000, 0x00000000a6700000, 0x00000000a6700000|100%| O|  |TAMS 0x00000000a6700000| PB 0x00000000a6700000| Untracked 
| 615|0x00000000a6700000, 0x00000000a6800000, 0x00000000a6800000|100%| O|  |TAMS 0x00000000a6800000| PB 0x00000000a6800000| Untracked 
| 616|0x00000000a6800000, 0x00000000a6900000, 0x00000000a6900000|100%| O|  |TAMS 0x00000000a6900000| PB 0x00000000a6900000| Untracked 
| 617|0x00000000a6900000, 0x00000000a6a00000, 0x00000000a6a00000|100%| O|  |TAMS 0x00000000a6a00000| PB 0x00000000a6a00000| Untracked 
| 618|0x00000000a6a00000, 0x00000000a6b00000, 0x00000000a6b00000|100%| O|  |TAMS 0x00000000a6b00000| PB 0x00000000a6b00000| Untracked 
| 619|0x00000000a6b00000, 0x00000000a6c00000, 0x00000000a6c00000|100%| O|  |TAMS 0x00000000a6c00000| PB 0x00000000a6c00000| Untracked 
| 620|0x00000000a6c00000, 0x00000000a6d00000, 0x00000000a6d00000|100%| O|  |TAMS 0x00000000a6d00000| PB 0x00000000a6d00000| Untracked 
| 621|0x00000000a6d00000, 0x00000000a6e00000, 0x00000000a6e00000|100%| O|  |TAMS 0x00000000a6e00000| PB 0x00000000a6e00000| Untracked 
| 622|0x00000000a6e00000, 0x00000000a6f00000, 0x00000000a6f00000|100%| O|  |TAMS 0x00000000a6f00000| PB 0x00000000a6f00000| Untracked 
| 623|0x00000000a6f00000, 0x00000000a7000000, 0x00000000a7000000|100%| O|  |TAMS 0x00000000a7000000| PB 0x00000000a7000000| Updating 
| 624|0x00000000a7000000, 0x00000000a7100000, 0x00000000a7100000|100%| O|  |TAMS 0x00000000a7100000| PB 0x00000000a7100000| Untracked 
| 625|0x00000000a7100000, 0x00000000a7200000, 0x00000000a7200000|100%| O|  |TAMS 0x00000000a7200000| PB 0x00000000a7200000| Untracked 
| 626|0x00000000a7200000, 0x00000000a7300000, 0x00000000a7300000|100%| O|  |TAMS 0x00000000a7300000| PB 0x00000000a7300000| Updating 
| 627|0x00000000a7300000, 0x00000000a7400000, 0x00000000a7400000|100%| O|  |TAMS 0x00000000a7400000| PB 0x00000000a7400000| Updating 
| 628|0x00000000a7400000, 0x00000000a7500000, 0x00000000a7500000|100%| O|  |TAMS 0x00000000a7500000| PB 0x00000000a7500000| Updating 
| 629|0x00000000a7500000, 0x00000000a7600000, 0x00000000a7600000|100%| O|  |TAMS 0x00000000a7600000| PB 0x00000000a7600000| Updating 
| 630|0x00000000a7600000, 0x00000000a7700000, 0x00000000a7700000|100%| O|  |TAMS 0x00000000a7700000| PB 0x00000000a7700000| Untracked 
| 631|0x00000000a7700000, 0x00000000a7800000, 0x00000000a7800000|100%| O|  |TAMS 0x00000000a7800000| PB 0x00000000a7800000| Untracked 
| 632|0x00000000a7800000, 0x00000000a7900000, 0x00000000a7900000|100%| O|  |TAMS 0x00000000a7900000| PB 0x00000000a7900000| Untracked 
| 633|0x00000000a7900000, 0x00000000a7a00000, 0x00000000a7a00000|100%| O|  |TAMS 0x00000000a7a00000| PB 0x00000000a7a00000| Untracked 
| 634|0x00000000a7a00000, 0x00000000a7b00000, 0x00000000a7b00000|100%| O|  |TAMS 0x00000000a7b00000| PB 0x00000000a7b00000| Untracked 
| 635|0x00000000a7b00000, 0x00000000a7c00000, 0x00000000a7c00000|100%| O|  |TAMS 0x00000000a7c00000| PB 0x00000000a7c00000| Updating 
| 636|0x00000000a7c00000, 0x00000000a7c00000, 0x00000000a7d00000|  0%| F|  |TAMS 0x00000000a7c00000| PB 0x00000000a7c00000| Untracked 
| 637|0x00000000a7d00000, 0x00000000a7e00000, 0x00000000a7e00000|100%| O|  |TAMS 0x00000000a7e00000| PB 0x00000000a7e00000| Updating 
| 638|0x00000000a7e00000, 0x00000000a7f00000, 0x00000000a7f00000|100%| O|  |TAMS 0x00000000a7f00000| PB 0x00000000a7f00000| Updating 
| 639|0x00000000a7f00000, 0x00000000a8000000, 0x00000000a8000000|100%| O|  |TAMS 0x00000000a7f80000| PB 0x00000000a7f80000| Updating 
| 640|0x00000000a8000000, 0x00000000a8100000, 0x00000000a8100000|100%| O|  |TAMS 0x00000000a8000000| PB 0x00000000a8000000| Untracked 
| 641|0x00000000a8100000, 0x00000000a8200000, 0x00000000a8200000|100%| O|  |TAMS 0x00000000a8100000| PB 0x00000000a8100000| Untracked 
| 642|0x00000000a8200000, 0x00000000a8300000, 0x00000000a8300000|100%| O|  |TAMS 0x00000000a8200000| PB 0x00000000a8200000| Untracked 
| 643|0x00000000a8300000, 0x00000000a8400000, 0x00000000a8400000|100%| O|  |TAMS 0x00000000a8300000| PB 0x00000000a8300000| Untracked 
| 644|0x00000000a8400000, 0x00000000a8500000, 0x00000000a8500000|100%| O|  |TAMS 0x00000000a8400000| PB 0x00000000a8400000| Untracked 
| 645|0x00000000a8500000, 0x00000000a8600000, 0x00000000a8600000|100%| O|  |TAMS 0x00000000a8500000| PB 0x00000000a8500000| Untracked 
| 646|0x00000000a8600000, 0x00000000a8700000, 0x00000000a8700000|100%| O|  |TAMS 0x00000000a8600000| PB 0x00000000a8600000| Untracked 
| 647|0x00000000a8700000, 0x00000000a8800000, 0x00000000a8800000|100%| O|  |TAMS 0x00000000a8700000| PB 0x00000000a8700000| Untracked 
| 648|0x00000000a8800000, 0x00000000a8900000, 0x00000000a8900000|100%| O|  |TAMS 0x00000000a8800000| PB 0x00000000a8800000| Untracked 
| 649|0x00000000a8900000, 0x00000000a8a00000, 0x00000000a8a00000|100%| O|  |TAMS 0x00000000a8900000| PB 0x00000000a8900000| Untracked 
| 650|0x00000000a8a00000, 0x00000000a8b00000, 0x00000000a8b00000|100%| O|  |TAMS 0x00000000a8a00000| PB 0x00000000a8a00000| Untracked 
| 651|0x00000000a8b00000, 0x00000000a8c00000, 0x00000000a8c00000|100%| O|  |TAMS 0x00000000a8b00000| PB 0x00000000a8b00000| Untracked 
| 652|0x00000000a8c00000, 0x00000000a8d00000, 0x00000000a8d00000|100%| O|  |TAMS 0x00000000a8c00000| PB 0x00000000a8c00000| Untracked 
| 653|0x00000000a8d00000, 0x00000000a8e00000, 0x00000000a8e00000|100%| O|  |TAMS 0x00000000a8d00000| PB 0x00000000a8d00000| Untracked 
| 654|0x00000000a8e00000, 0x00000000a8f00000, 0x00000000a8f00000|100%| O|  |TAMS 0x00000000a8e00000| PB 0x00000000a8e00000| Untracked 
| 655|0x00000000a8f00000, 0x00000000a9000000, 0x00000000a9000000|100%| O|  |TAMS 0x00000000a8f00000| PB 0x00000000a8f00000| Untracked 
| 656|0x00000000a9000000, 0x00000000a9100000, 0x00000000a9100000|100%| O|  |TAMS 0x00000000a9000000| PB 0x00000000a9000000| Untracked 
| 657|0x00000000a9100000, 0x00000000a9200000, 0x00000000a9200000|100%| O|  |TAMS 0x00000000a9100000| PB 0x00000000a9100000| Untracked 
| 658|0x00000000a9200000, 0x00000000a9300000, 0x00000000a9300000|100%| O|  |TAMS 0x00000000a9200000| PB 0x00000000a9200000| Untracked 
| 659|0x00000000a9300000, 0x00000000a9400000, 0x00000000a9400000|100%| O|  |TAMS 0x00000000a9300000| PB 0x00000000a9300000| Untracked 
| 660|0x00000000a9400000, 0x00000000a9500000, 0x00000000a9500000|100%| O|  |TAMS 0x00000000a9400000| PB 0x00000000a9400000| Untracked 
| 661|0x00000000a9500000, 0x00000000a9600000, 0x00000000a9600000|100%| O|  |TAMS 0x00000000a9500000| PB 0x00000000a9500000| Untracked 
| 662|0x00000000a9600000, 0x00000000a9700000, 0x00000000a9700000|100%| O|  |TAMS 0x00000000a9600000| PB 0x00000000a9600000| Untracked 
| 663|0x00000000a9700000, 0x00000000a9800000, 0x00000000a9800000|100%| O|  |TAMS 0x00000000a9700000| PB 0x00000000a9700000| Untracked 
| 664|0x00000000a9800000, 0x00000000a9900000, 0x00000000a9900000|100%| O|  |TAMS 0x00000000a9800000| PB 0x00000000a9800000| Untracked 
| 665|0x00000000a9900000, 0x00000000a9970048, 0x00000000a9a00000| 43%| O|  |TAMS 0x00000000a9900000| PB 0x00000000a9900000| Updating 
| 666|0x00000000a9a00000, 0x00000000a9b00000, 0x00000000a9b00000|100%|HS|  |TAMS 0x00000000a9a00000| PB 0x00000000a9a00000| Complete 
| 667|0x00000000a9b00000, 0x00000000a9c00000, 0x00000000a9c00000|100%|HS|  |TAMS 0x00000000a9b00000| PB 0x00000000a9b00000| Complete 
| 668|0x00000000a9c00000, 0x00000000a9d00000, 0x00000000a9d00000|100%|HS|  |TAMS 0x00000000a9c00000| PB 0x00000000a9c00000| Complete 
| 669|0x00000000a9d00000, 0x00000000a9e00000, 0x00000000a9e00000|100%|HS|  |TAMS 0x00000000a9d00000| PB 0x00000000a9d00000| Complete 
| 670|0x00000000a9e00000, 0x00000000a9f00000, 0x00000000a9f00000|100%|HS|  |TAMS 0x00000000a9e00000| PB 0x00000000a9e00000| Complete 
| 671|0x00000000a9f00000, 0x00000000aa000000, 0x00000000aa000000|100%|HS|  |TAMS 0x00000000a9f00000| PB 0x00000000a9f00000| Complete 
| 672|0x00000000aa000000, 0x00000000aa100000, 0x00000000aa100000|100%|HS|  |TAMS 0x00000000aa000000| PB 0x00000000aa000000| Complete 
| 673|0x00000000aa100000, 0x00000000aa200000, 0x00000000aa200000|100%|HC|  |TAMS 0x00000000aa100000| PB 0x00000000aa100000| Complete 
| 674|0x00000000aa200000, 0x00000000aa300000, 0x00000000aa300000|100%|HS|  |TAMS 0x00000000aa200000| PB 0x00000000aa200000| Complete 
| 675|0x00000000aa300000, 0x00000000aa400000, 0x00000000aa400000|100%|HS|  |TAMS 0x00000000aa300000| PB 0x00000000aa300000| Complete 
| 676|0x00000000aa400000, 0x00000000aa500000, 0x00000000aa500000|100%|HS|  |TAMS 0x00000000aa400000| PB 0x00000000aa400000| Complete 
| 677|0x00000000aa500000, 0x00000000aa600000, 0x00000000aa600000|100%|HC|  |TAMS 0x00000000aa500000| PB 0x00000000aa500000| Complete 
| 678|0x00000000aa600000, 0x00000000aa700000, 0x00000000aa700000|100%|HS|  |TAMS 0x00000000aa600000| PB 0x00000000aa600000| Complete 
| 679|0x00000000aa700000, 0x00000000aa800000, 0x00000000aa800000|100%|HS|  |TAMS 0x00000000aa700000| PB 0x00000000aa700000| Complete 
| 680|0x00000000aa800000, 0x00000000aa900000, 0x00000000aa900000|100%|HS|  |TAMS 0x00000000aa800000| PB 0x00000000aa800000| Complete 
| 681|0x00000000aa900000, 0x00000000aaa00000, 0x00000000aaa00000|100%|HS|  |TAMS 0x00000000aa900000| PB 0x00000000aa900000| Complete 
| 682|0x00000000aaa00000, 0x00000000aab00000, 0x00000000aab00000|100%|HS|  |TAMS 0x00000000aaa00000| PB 0x00000000aaa00000| Complete 
| 683|0x00000000aab00000, 0x00000000aac00000, 0x00000000aac00000|100%|HC|  |TAMS 0x00000000aab00000| PB 0x00000000aab00000| Complete 
| 684|0x00000000aac00000, 0x00000000aad00000, 0x00000000aad00000|100%|HS|  |TAMS 0x00000000aac00000| PB 0x00000000aac00000| Complete 
| 685|0x00000000aad00000, 0x00000000aae00000, 0x00000000aae00000|100%|HS|  |TAMS 0x00000000aad00000| PB 0x00000000aad00000| Complete 
| 686|0x00000000aae00000, 0x00000000aaf00000, 0x00000000aaf00000|100%|HS|  |TAMS 0x00000000aae00000| PB 0x00000000aae00000| Complete 
| 687|0x00000000aaf00000, 0x00000000ab000000, 0x00000000ab000000|100%|HS|  |TAMS 0x00000000aaf00000| PB 0x00000000aaf00000| Complete 
| 688|0x00000000ab000000, 0x00000000ab100000, 0x00000000ab100000|100%|HC|  |TAMS 0x00000000ab000000| PB 0x00000000ab000000| Complete 
| 689|0x00000000ab100000, 0x00000000ab200000, 0x00000000ab200000|100%|HS|  |TAMS 0x00000000ab100000| PB 0x00000000ab100000| Complete 
| 690|0x00000000ab200000, 0x00000000ab300000, 0x00000000ab300000|100%|HC|  |TAMS 0x00000000ab200000| PB 0x00000000ab200000| Complete 
| 691|0x00000000ab300000, 0x00000000ab400000, 0x00000000ab400000|100%|HC|  |TAMS 0x00000000ab300000| PB 0x00000000ab300000| Complete 
| 692|0x00000000ab400000, 0x00000000ab500000, 0x00000000ab500000|100%|HC|  |TAMS 0x00000000ab400000| PB 0x00000000ab400000| Complete 
| 693|0x00000000ab500000, 0x00000000ab600000, 0x00000000ab600000|100%|HC|  |TAMS 0x00000000ab500000| PB 0x00000000ab500000| Complete 
| 694|0x00000000ab600000, 0x00000000ab700000, 0x00000000ab700000|100%|HC|  |TAMS 0x00000000ab600000| PB 0x00000000ab600000| Complete 
| 695|0x00000000ab700000, 0x00000000ab800000, 0x00000000ab800000|100%|HS|  |TAMS 0x00000000ab700000| PB 0x00000000ab700000| Complete 
| 696|0x00000000ab800000, 0x00000000ab900000, 0x00000000ab900000|100%|HS|  |TAMS 0x00000000ab800000| PB 0x00000000ab800000| Complete 
| 697|0x00000000ab900000, 0x00000000aba00000, 0x00000000aba00000|100%|HS|  |TAMS 0x00000000ab900000| PB 0x00000000ab900000| Complete 
| 698|0x00000000aba00000, 0x00000000abb00000, 0x00000000abb00000|100%|HC|  |TAMS 0x00000000aba00000| PB 0x00000000aba00000| Complete 
| 699|0x00000000abb00000, 0x00000000abc00000, 0x00000000abc00000|100%|HC|  |TAMS 0x00000000abb00000| PB 0x00000000abb00000| Complete 
| 700|0x00000000abc00000, 0x00000000abd00000, 0x00000000abd00000|100%|HC|  |TAMS 0x00000000abc00000| PB 0x00000000abc00000| Complete 
| 701|0x00000000abd00000, 0x00000000abe00000, 0x00000000abe00000|100%|HC|  |TAMS 0x00000000abd00000| PB 0x00000000abd00000| Complete 
| 702|0x00000000abe00000, 0x00000000abf00000, 0x00000000abf00000|100%|HC|  |TAMS 0x00000000abe00000| PB 0x00000000abe00000| Complete 
| 703|0x00000000abf00000, 0x00000000ac000000, 0x00000000ac000000|100%|HC|  |TAMS 0x00000000abf00000| PB 0x00000000abf00000| Complete 
| 704|0x00000000ac000000, 0x00000000ac100000, 0x00000000ac100000|100%|HC|  |TAMS 0x00000000ac000000| PB 0x00000000ac000000| Complete 
| 705|0x00000000ac100000, 0x00000000ac200000, 0x00000000ac200000|100%|HC|  |TAMS 0x00000000ac100000| PB 0x00000000ac100000| Complete 
| 706|0x00000000ac200000, 0x00000000ac300000, 0x00000000ac300000|100%|HC|  |TAMS 0x00000000ac200000| PB 0x00000000ac200000| Complete 
| 707|0x00000000ac300000, 0x00000000ac400000, 0x00000000ac400000|100%|HC|  |TAMS 0x00000000ac300000| PB 0x00000000ac300000| Complete 
| 708|0x00000000ac400000, 0x00000000ac400000, 0x00000000ac500000|  0%| F|  |TAMS 0x00000000ac400000| PB 0x00000000ac400000| Untracked 
| 709|0x00000000ac500000, 0x00000000ac500000, 0x00000000ac600000|  0%| F|  |TAMS 0x00000000ac500000| PB 0x00000000ac500000| Untracked 
| 710|0x00000000ac600000, 0x00000000ac600000, 0x00000000ac700000|  0%| F|  |TAMS 0x00000000ac600000| PB 0x00000000ac600000| Untracked 
| 711|0x00000000ac700000, 0x00000000ac700000, 0x00000000ac800000|  0%| F|  |TAMS 0x00000000ac700000| PB 0x00000000ac700000| Untracked 
| 712|0x00000000ac800000, 0x00000000ac800000, 0x00000000ac900000|  0%| F|  |TAMS 0x00000000ac800000| PB 0x00000000ac800000| Untracked 
| 713|0x00000000ac900000, 0x00000000ac900000, 0x00000000aca00000|  0%| F|  |TAMS 0x00000000ac900000| PB 0x00000000ac900000| Untracked 
| 714|0x00000000aca00000, 0x00000000aca00000, 0x00000000acb00000|  0%| F|  |TAMS 0x00000000aca00000| PB 0x00000000aca00000| Untracked 
| 715|0x00000000acb00000, 0x00000000acb00000, 0x00000000acc00000|  0%| F|  |TAMS 0x00000000acb00000| PB 0x00000000acb00000| Untracked 
| 716|0x00000000acc00000, 0x00000000acc00000, 0x00000000acd00000|  0%| F|  |TAMS 0x00000000acc00000| PB 0x00000000acc00000| Untracked 
| 717|0x00000000acd00000, 0x00000000acd00000, 0x00000000ace00000|  0%| F|  |TAMS 0x00000000acd00000| PB 0x00000000acd00000| Untracked 
| 718|0x00000000ace00000, 0x00000000ace00000, 0x00000000acf00000|  0%| F|  |TAMS 0x00000000ace00000| PB 0x00000000ace00000| Untracked 
| 719|0x00000000acf00000, 0x00000000acf00000, 0x00000000ad000000|  0%| F|  |TAMS 0x00000000acf00000| PB 0x00000000acf00000| Untracked 
| 720|0x00000000ad000000, 0x00000000ad000000, 0x00000000ad100000|  0%| F|  |TAMS 0x00000000ad000000| PB 0x00000000ad000000| Untracked 
| 721|0x00000000ad100000, 0x00000000ad100000, 0x00000000ad200000|  0%| F|  |TAMS 0x00000000ad100000| PB 0x00000000ad100000| Untracked 
| 722|0x00000000ad200000, 0x00000000ad200000, 0x00000000ad300000|  0%| F|  |TAMS 0x00000000ad200000| PB 0x00000000ad200000| Untracked 
| 723|0x00000000ad300000, 0x00000000ad300000, 0x00000000ad400000|  0%| F|  |TAMS 0x00000000ad300000| PB 0x00000000ad300000| Untracked 
| 724|0x00000000ad400000, 0x00000000ad400000, 0x00000000ad500000|  0%| F|  |TAMS 0x00000000ad400000| PB 0x00000000ad400000| Untracked 
| 725|0x00000000ad500000, 0x00000000ad500000, 0x00000000ad600000|  0%| F|  |TAMS 0x00000000ad500000| PB 0x00000000ad500000| Untracked 
| 726|0x00000000ad600000, 0x00000000ad600000, 0x00000000ad700000|  0%| F|  |TAMS 0x00000000ad600000| PB 0x00000000ad600000| Untracked 
| 727|0x00000000ad700000, 0x00000000ad700000, 0x00000000ad800000|  0%| F|  |TAMS 0x00000000ad700000| PB 0x00000000ad700000| Untracked 
| 728|0x00000000ad800000, 0x00000000ad800000, 0x00000000ad900000|  0%| F|  |TAMS 0x00000000ad800000| PB 0x00000000ad800000| Untracked 
| 729|0x00000000ad900000, 0x00000000ad900000, 0x00000000ada00000|  0%| F|  |TAMS 0x00000000ad900000| PB 0x00000000ad900000| Untracked 
| 730|0x00000000ada00000, 0x00000000ada00000, 0x00000000adb00000|  0%| F|  |TAMS 0x00000000ada00000| PB 0x00000000ada00000| Untracked 
| 731|0x00000000adb00000, 0x00000000adb00000, 0x00000000adc00000|  0%| F|  |TAMS 0x00000000adb00000| PB 0x00000000adb00000| Untracked 
| 732|0x00000000adc00000, 0x00000000adc00000, 0x00000000add00000|  0%| F|  |TAMS 0x00000000adc00000| PB 0x00000000adc00000| Untracked 
| 733|0x00000000add00000, 0x00000000add00000, 0x00000000ade00000|  0%| F|  |TAMS 0x00000000add00000| PB 0x00000000add00000| Untracked 
| 734|0x00000000ade00000, 0x00000000ade00000, 0x00000000adf00000|  0%| F|  |TAMS 0x00000000ade00000| PB 0x00000000ade00000| Untracked 
| 735|0x00000000adf00000, 0x00000000adf00000, 0x00000000ae000000|  0%| F|  |TAMS 0x00000000adf00000| PB 0x00000000adf00000| Untracked 
| 736|0x00000000ae000000, 0x00000000ae000000, 0x00000000ae100000|  0%| F|  |TAMS 0x00000000ae000000| PB 0x00000000ae000000| Untracked 
| 737|0x00000000ae100000, 0x00000000ae100000, 0x00000000ae200000|  0%| F|  |TAMS 0x00000000ae100000| PB 0x00000000ae100000| Untracked 
| 738|0x00000000ae200000, 0x00000000ae200000, 0x00000000ae300000|  0%| F|  |TAMS 0x00000000ae200000| PB 0x00000000ae200000| Untracked 
| 739|0x00000000ae300000, 0x00000000ae300000, 0x00000000ae400000|  0%| F|  |TAMS 0x00000000ae300000| PB 0x00000000ae300000| Untracked 
| 740|0x00000000ae400000, 0x00000000ae400000, 0x00000000ae500000|  0%| F|  |TAMS 0x00000000ae400000| PB 0x00000000ae400000| Untracked 
| 741|0x00000000ae500000, 0x00000000ae500000, 0x00000000ae600000|  0%| F|  |TAMS 0x00000000ae500000| PB 0x00000000ae500000| Untracked 
| 742|0x00000000ae600000, 0x00000000ae600000, 0x00000000ae700000|  0%| F|  |TAMS 0x00000000ae600000| PB 0x00000000ae600000| Untracked 
| 743|0x00000000ae700000, 0x00000000ae700000, 0x00000000ae800000|  0%| F|  |TAMS 0x00000000ae700000| PB 0x00000000ae700000| Untracked 
| 744|0x00000000ae800000, 0x00000000ae800000, 0x00000000ae900000|  0%| F|  |TAMS 0x00000000ae800000| PB 0x00000000ae800000| Untracked 
| 745|0x00000000ae900000, 0x00000000ae900000, 0x00000000aea00000|  0%| F|  |TAMS 0x00000000ae900000| PB 0x00000000ae900000| Untracked 
| 746|0x00000000aea00000, 0x00000000aea00000, 0x00000000aeb00000|  0%| F|  |TAMS 0x00000000aea00000| PB 0x00000000aea00000| Untracked 
| 747|0x00000000aeb00000, 0x00000000aeb00000, 0x00000000aec00000|  0%| F|  |TAMS 0x00000000aeb00000| PB 0x00000000aeb00000| Untracked 
| 748|0x00000000aec00000, 0x00000000aec00000, 0x00000000aed00000|  0%| F|  |TAMS 0x00000000aec00000| PB 0x00000000aec00000| Untracked 
| 749|0x00000000aed00000, 0x00000000aed00000, 0x00000000aee00000|  0%| F|  |TAMS 0x00000000aed00000| PB 0x00000000aed00000| Untracked 
| 750|0x00000000aee00000, 0x00000000aee00000, 0x00000000aef00000|  0%| F|  |TAMS 0x00000000aee00000| PB 0x00000000aee00000| Untracked 
| 751|0x00000000aef00000, 0x00000000aef00000, 0x00000000af000000|  0%| F|  |TAMS 0x00000000aef00000| PB 0x00000000aef00000| Untracked 
| 752|0x00000000af000000, 0x00000000af000000, 0x00000000af100000|  0%| F|  |TAMS 0x00000000af000000| PB 0x00000000af000000| Untracked 
| 753|0x00000000af100000, 0x00000000af100000, 0x00000000af200000|  0%| F|  |TAMS 0x00000000af100000| PB 0x00000000af100000| Untracked 
| 754|0x00000000af200000, 0x00000000af200000, 0x00000000af300000|  0%| F|  |TAMS 0x00000000af200000| PB 0x00000000af200000| Untracked 
| 755|0x00000000af300000, 0x00000000af300000, 0x00000000af400000|  0%| F|  |TAMS 0x00000000af300000| PB 0x00000000af300000| Untracked 
| 756|0x00000000af400000, 0x00000000af400000, 0x00000000af500000|  0%| F|  |TAMS 0x00000000af400000| PB 0x00000000af400000| Untracked 
| 757|0x00000000af500000, 0x00000000af500000, 0x00000000af600000|  0%| F|  |TAMS 0x00000000af500000| PB 0x00000000af500000| Untracked 
| 758|0x00000000af600000, 0x00000000af600000, 0x00000000af700000|  0%| F|  |TAMS 0x00000000af600000| PB 0x00000000af600000| Untracked 
| 759|0x00000000af700000, 0x00000000af700000, 0x00000000af800000|  0%| F|  |TAMS 0x00000000af700000| PB 0x00000000af700000| Untracked 
| 760|0x00000000af800000, 0x00000000af800000, 0x00000000af900000|  0%| F|  |TAMS 0x00000000af800000| PB 0x00000000af800000| Untracked 
| 761|0x00000000af900000, 0x00000000af900000, 0x00000000afa00000|  0%| F|  |TAMS 0x00000000af900000| PB 0x00000000af900000| Untracked 
| 762|0x00000000afa00000, 0x00000000afa00000, 0x00000000afb00000|  0%| F|  |TAMS 0x00000000afa00000| PB 0x00000000afa00000| Untracked 
| 763|0x00000000afb00000, 0x00000000afb00000, 0x00000000afc00000|  0%| F|  |TAMS 0x00000000afb00000| PB 0x00000000afb00000| Untracked 
| 764|0x00000000afc00000, 0x00000000afc00000, 0x00000000afd00000|  0%| F|  |TAMS 0x00000000afc00000| PB 0x00000000afc00000| Untracked 
| 765|0x00000000afd00000, 0x00000000afd00000, 0x00000000afe00000|  0%| F|  |TAMS 0x00000000afd00000| PB 0x00000000afd00000| Untracked 
| 766|0x00000000afe00000, 0x00000000afe00000, 0x00000000aff00000|  0%| F|  |TAMS 0x00000000afe00000| PB 0x00000000afe00000| Untracked 
| 767|0x00000000aff00000, 0x00000000aff00000, 0x00000000b0000000|  0%| F|  |TAMS 0x00000000aff00000| PB 0x00000000aff00000| Untracked 
| 768|0x00000000b0000000, 0x00000000b0000000, 0x00000000b0100000|  0%| F|  |TAMS 0x00000000b0000000| PB 0x00000000b0000000| Untracked 
| 769|0x00000000b0100000, 0x00000000b0100000, 0x00000000b0200000|  0%| F|  |TAMS 0x00000000b0100000| PB 0x00000000b0100000| Untracked 
| 770|0x00000000b0200000, 0x00000000b0200000, 0x00000000b0300000|  0%| F|  |TAMS 0x00000000b0200000| PB 0x00000000b0200000| Untracked 
| 771|0x00000000b0300000, 0x00000000b0300000, 0x00000000b0400000|  0%| F|  |TAMS 0x00000000b0300000| PB 0x00000000b0300000| Untracked 
| 772|0x00000000b0400000, 0x00000000b0400000, 0x00000000b0500000|  0%| F|  |TAMS 0x00000000b0400000| PB 0x00000000b0400000| Untracked 
| 773|0x00000000b0500000, 0x00000000b0500000, 0x00000000b0600000|  0%| F|  |TAMS 0x00000000b0500000| PB 0x00000000b0500000| Untracked 
| 774|0x00000000b0600000, 0x00000000b0600000, 0x00000000b0700000|  0%| F|  |TAMS 0x00000000b0600000| PB 0x00000000b0600000| Untracked 
| 775|0x00000000b0700000, 0x00000000b0700000, 0x00000000b0800000|  0%| F|  |TAMS 0x00000000b0700000| PB 0x00000000b0700000| Untracked 
| 776|0x00000000b0800000, 0x00000000b0800000, 0x00000000b0900000|  0%| F|  |TAMS 0x00000000b0800000| PB 0x00000000b0800000| Untracked 
| 777|0x00000000b0900000, 0x00000000b0900000, 0x00000000b0a00000|  0%| F|  |TAMS 0x00000000b0900000| PB 0x00000000b0900000| Untracked 
| 778|0x00000000b0a00000, 0x00000000b0a00000, 0x00000000b0b00000|  0%| F|  |TAMS 0x00000000b0a00000| PB 0x00000000b0a00000| Untracked 
| 779|0x00000000b0b00000, 0x00000000b0b00000, 0x00000000b0c00000|  0%| F|  |TAMS 0x00000000b0b00000| PB 0x00000000b0b00000| Untracked 
| 780|0x00000000b0c00000, 0x00000000b0c00000, 0x00000000b0d00000|  0%| F|  |TAMS 0x00000000b0c00000| PB 0x00000000b0c00000| Untracked 
| 781|0x00000000b0d00000, 0x00000000b0d00000, 0x00000000b0e00000|  0%| F|  |TAMS 0x00000000b0d00000| PB 0x00000000b0d00000| Untracked 
| 782|0x00000000b0e00000, 0x00000000b0e00000, 0x00000000b0f00000|  0%| F|  |TAMS 0x00000000b0e00000| PB 0x00000000b0e00000| Untracked 
| 783|0x00000000b0f00000, 0x00000000b0f00000, 0x00000000b1000000|  0%| F|  |TAMS 0x00000000b0f00000| PB 0x00000000b0f00000| Untracked 
| 784|0x00000000b1000000, 0x00000000b1000000, 0x00000000b1100000|  0%| F|  |TAMS 0x00000000b1000000| PB 0x00000000b1000000| Untracked 
| 785|0x00000000b1100000, 0x00000000b1100000, 0x00000000b1200000|  0%| F|  |TAMS 0x00000000b1100000| PB 0x00000000b1100000| Untracked 
| 786|0x00000000b1200000, 0x00000000b1200000, 0x00000000b1300000|  0%| F|  |TAMS 0x00000000b1200000| PB 0x00000000b1200000| Untracked 
| 787|0x00000000b1300000, 0x00000000b1300000, 0x00000000b1400000|  0%| F|  |TAMS 0x00000000b1300000| PB 0x00000000b1300000| Untracked 
| 788|0x00000000b1400000, 0x00000000b1400000, 0x00000000b1500000|  0%| F|  |TAMS 0x00000000b1400000| PB 0x00000000b1400000| Untracked 
| 789|0x00000000b1500000, 0x00000000b1500000, 0x00000000b1600000|  0%| F|  |TAMS 0x00000000b1500000| PB 0x00000000b1500000| Untracked 
| 790|0x00000000b1600000, 0x00000000b1600000, 0x00000000b1700000|  0%| F|  |TAMS 0x00000000b1600000| PB 0x00000000b1600000| Untracked 
| 791|0x00000000b1700000, 0x00000000b1700000, 0x00000000b1800000|  0%| F|  |TAMS 0x00000000b1700000| PB 0x00000000b1700000| Untracked 
| 792|0x00000000b1800000, 0x00000000b1800000, 0x00000000b1900000|  0%| F|  |TAMS 0x00000000b1800000| PB 0x00000000b1800000| Untracked 
| 793|0x00000000b1900000, 0x00000000b1900000, 0x00000000b1a00000|  0%| F|  |TAMS 0x00000000b1900000| PB 0x00000000b1900000| Untracked 
| 794|0x00000000b1a00000, 0x00000000b1a00000, 0x00000000b1b00000|  0%| F|  |TAMS 0x00000000b1a00000| PB 0x00000000b1a00000| Untracked 
| 795|0x00000000b1b00000, 0x00000000b1b00000, 0x00000000b1c00000|  0%| F|  |TAMS 0x00000000b1b00000| PB 0x00000000b1b00000| Untracked 
| 796|0x00000000b1c00000, 0x00000000b1c00000, 0x00000000b1d00000|  0%| F|  |TAMS 0x00000000b1c00000| PB 0x00000000b1c00000| Untracked 
| 797|0x00000000b1d00000, 0x00000000b1d00000, 0x00000000b1e00000|  0%| F|  |TAMS 0x00000000b1d00000| PB 0x00000000b1d00000| Untracked 
| 798|0x00000000b1e00000, 0x00000000b1e00000, 0x00000000b1f00000|  0%| F|  |TAMS 0x00000000b1e00000| PB 0x00000000b1e00000| Untracked 
| 799|0x00000000b1f00000, 0x00000000b1f00000, 0x00000000b2000000|  0%| F|  |TAMS 0x00000000b1f00000| PB 0x00000000b1f00000| Untracked 
| 800|0x00000000b2000000, 0x00000000b2000000, 0x00000000b2100000|  0%| F|  |TAMS 0x00000000b2000000| PB 0x00000000b2000000| Untracked 
| 801|0x00000000b2100000, 0x00000000b2100000, 0x00000000b2200000|  0%| F|  |TAMS 0x00000000b2100000| PB 0x00000000b2100000| Untracked 
| 802|0x00000000b2200000, 0x00000000b2200000, 0x00000000b2300000|  0%| F|  |TAMS 0x00000000b2200000| PB 0x00000000b2200000| Untracked 
| 803|0x00000000b2300000, 0x00000000b2300000, 0x00000000b2400000|  0%| F|  |TAMS 0x00000000b2300000| PB 0x00000000b2300000| Untracked 
| 804|0x00000000b2400000, 0x00000000b2400000, 0x00000000b2500000|  0%| F|  |TAMS 0x00000000b2400000| PB 0x00000000b2400000| Untracked 
| 805|0x00000000b2500000, 0x00000000b2500000, 0x00000000b2600000|  0%| F|  |TAMS 0x00000000b2500000| PB 0x00000000b2500000| Untracked 
| 806|0x00000000b2600000, 0x00000000b2600000, 0x00000000b2700000|  0%| F|  |TAMS 0x00000000b2600000| PB 0x00000000b2600000| Untracked 
| 807|0x00000000b2700000, 0x00000000b2700000, 0x00000000b2800000|  0%| F|  |TAMS 0x00000000b2700000| PB 0x00000000b2700000| Untracked 
| 808|0x00000000b2800000, 0x00000000b2800000, 0x00000000b2900000|  0%| F|  |TAMS 0x00000000b2800000| PB 0x00000000b2800000| Untracked 
| 809|0x00000000b2900000, 0x00000000b2900000, 0x00000000b2a00000|  0%| F|  |TAMS 0x00000000b2900000| PB 0x00000000b2900000| Untracked 
| 810|0x00000000b2a00000, 0x00000000b2a00000, 0x00000000b2b00000|  0%| F|  |TAMS 0x00000000b2a00000| PB 0x00000000b2a00000| Untracked 
| 811|0x00000000b2b00000, 0x00000000b2b00000, 0x00000000b2c00000|  0%| F|  |TAMS 0x00000000b2b00000| PB 0x00000000b2b00000| Untracked 
| 812|0x00000000b2c00000, 0x00000000b2c00000, 0x00000000b2d00000|  0%| F|  |TAMS 0x00000000b2c00000| PB 0x00000000b2c00000| Untracked 
| 813|0x00000000b2d00000, 0x00000000b2d00000, 0x00000000b2e00000|  0%| F|  |TAMS 0x00000000b2d00000| PB 0x00000000b2d00000| Untracked 
| 814|0x00000000b2e00000, 0x00000000b2e00000, 0x00000000b2f00000|  0%| F|  |TAMS 0x00000000b2e00000| PB 0x00000000b2e00000| Untracked 
| 815|0x00000000b2f00000, 0x00000000b2f00000, 0x00000000b3000000|  0%| F|  |TAMS 0x00000000b2f00000| PB 0x00000000b2f00000| Untracked 
| 816|0x00000000b3000000, 0x00000000b3000000, 0x00000000b3100000|  0%| F|  |TAMS 0x00000000b3000000| PB 0x00000000b3000000| Untracked 
| 817|0x00000000b3100000, 0x00000000b3100000, 0x00000000b3200000|  0%| F|  |TAMS 0x00000000b3100000| PB 0x00000000b3100000| Untracked 
| 818|0x00000000b3200000, 0x00000000b3200000, 0x00000000b3300000|  0%| F|  |TAMS 0x00000000b3200000| PB 0x00000000b3200000| Untracked 
| 819|0x00000000b3300000, 0x00000000b3300000, 0x00000000b3400000|  0%| F|  |TAMS 0x00000000b3300000| PB 0x00000000b3300000| Untracked 
| 820|0x00000000b3400000, 0x00000000b3400000, 0x00000000b3500000|  0%| F|  |TAMS 0x00000000b3400000| PB 0x00000000b3400000| Untracked 
| 821|0x00000000b3500000, 0x00000000b3500000, 0x00000000b3600000|  0%| F|  |TAMS 0x00000000b3500000| PB 0x00000000b3500000| Untracked 
| 822|0x00000000b3600000, 0x00000000b3600000, 0x00000000b3700000|  0%| F|  |TAMS 0x00000000b3600000| PB 0x00000000b3600000| Untracked 
| 823|0x00000000b3700000, 0x00000000b3700000, 0x00000000b3800000|  0%| F|  |TAMS 0x00000000b3700000| PB 0x00000000b3700000| Untracked 
| 824|0x00000000b3800000, 0x00000000b3800000, 0x00000000b3900000|  0%| F|  |TAMS 0x00000000b3800000| PB 0x00000000b3800000| Untracked 
| 825|0x00000000b3900000, 0x00000000b3900000, 0x00000000b3a00000|  0%| F|  |TAMS 0x00000000b3900000| PB 0x00000000b3900000| Untracked 
| 826|0x00000000b3a00000, 0x00000000b3a00000, 0x00000000b3b00000|  0%| F|  |TAMS 0x00000000b3a00000| PB 0x00000000b3a00000| Untracked 
| 827|0x00000000b3b00000, 0x00000000b3b00000, 0x00000000b3c00000|  0%| F|  |TAMS 0x00000000b3b00000| PB 0x00000000b3b00000| Untracked 
| 828|0x00000000b3c00000, 0x00000000b3c00000, 0x00000000b3d00000|  0%| F|  |TAMS 0x00000000b3c00000| PB 0x00000000b3c00000| Untracked 
| 829|0x00000000b3d00000, 0x00000000b3d00000, 0x00000000b3e00000|  0%| F|  |TAMS 0x00000000b3d00000| PB 0x00000000b3d00000| Untracked 
| 830|0x00000000b3e00000, 0x00000000b3e00000, 0x00000000b3f00000|  0%| F|  |TAMS 0x00000000b3e00000| PB 0x00000000b3e00000| Untracked 
| 831|0x00000000b3f00000, 0x00000000b3f00000, 0x00000000b4000000|  0%| F|  |TAMS 0x00000000b3f00000| PB 0x00000000b3f00000| Untracked 
| 832|0x00000000b4000000, 0x00000000b4000000, 0x00000000b4100000|  0%| F|  |TAMS 0x00000000b4000000| PB 0x00000000b4000000| Untracked 
| 833|0x00000000b4100000, 0x00000000b4100000, 0x00000000b4200000|  0%| F|  |TAMS 0x00000000b4100000| PB 0x00000000b4100000| Untracked 
| 834|0x00000000b4200000, 0x00000000b4200000, 0x00000000b4300000|  0%| F|  |TAMS 0x00000000b4200000| PB 0x00000000b4200000| Untracked 
| 835|0x00000000b4300000, 0x00000000b4300000, 0x00000000b4400000|  0%| F|  |TAMS 0x00000000b4300000| PB 0x00000000b4300000| Untracked 
| 836|0x00000000b4400000, 0x00000000b4400000, 0x00000000b4500000|  0%| F|  |TAMS 0x00000000b4400000| PB 0x00000000b4400000| Untracked 
| 837|0x00000000b4500000, 0x00000000b4500000, 0x00000000b4600000|  0%| F|  |TAMS 0x00000000b4500000| PB 0x00000000b4500000| Untracked 
| 838|0x00000000b4600000, 0x00000000b4600000, 0x00000000b4700000|  0%| F|  |TAMS 0x00000000b4600000| PB 0x00000000b4600000| Untracked 
| 839|0x00000000b4700000, 0x00000000b4700000, 0x00000000b4800000|  0%| F|  |TAMS 0x00000000b4700000| PB 0x00000000b4700000| Untracked 
| 840|0x00000000b4800000, 0x00000000b4800000, 0x00000000b4900000|  0%| F|  |TAMS 0x00000000b4800000| PB 0x00000000b4800000| Untracked 
| 841|0x00000000b4900000, 0x00000000b4900000, 0x00000000b4a00000|  0%| F|  |TAMS 0x00000000b4900000| PB 0x00000000b4900000| Untracked 
| 842|0x00000000b4a00000, 0x00000000b4a00000, 0x00000000b4b00000|  0%| F|  |TAMS 0x00000000b4a00000| PB 0x00000000b4a00000| Untracked 
| 843|0x00000000b4b00000, 0x00000000b4b83c68, 0x00000000b4c00000| 51%| E|  |TAMS 0x00000000b4b00000| PB 0x00000000b4b00000| Complete 
| 844|0x00000000b4c00000, 0x00000000b4d00000, 0x00000000b4d00000|100%| E|CS|TAMS 0x00000000b4c00000| PB 0x00000000b4c00000| Complete 
| 845|0x00000000b4d00000, 0x00000000b4e00000, 0x00000000b4e00000|100%| E|CS|TAMS 0x00000000b4d00000| PB 0x00000000b4d00000| Complete 
| 846|0x00000000b4e00000, 0x00000000b4f00000, 0x00000000b4f00000|100%| E|CS|TAMS 0x00000000b4e00000| PB 0x00000000b4e00000| Complete 
| 847|0x00000000b4f00000, 0x00000000b5000000, 0x00000000b5000000|100%| E|CS|TAMS 0x00000000b4f00000| PB 0x00000000b4f00000| Complete 
| 848|0x00000000b5000000, 0x00000000b5100000, 0x00000000b5100000|100%| E|CS|TAMS 0x00000000b5000000| PB 0x00000000b5000000| Complete 
| 849|0x00000000b5100000, 0x00000000b5200000, 0x00000000b5200000|100%| E|CS|TAMS 0x00000000b5100000| PB 0x00000000b5100000| Complete 
| 850|0x00000000b5200000, 0x00000000b5300000, 0x00000000b5300000|100%| E|CS|TAMS 0x00000000b5200000| PB 0x00000000b5200000| Complete 
| 851|0x00000000b5300000, 0x00000000b5400000, 0x00000000b5400000|100%| E|CS|TAMS 0x00000000b5300000| PB 0x00000000b5300000| Complete 
| 852|0x00000000b5400000, 0x00000000b5500000, 0x00000000b5500000|100%| E|CS|TAMS 0x00000000b5400000| PB 0x00000000b5400000| Complete 
| 853|0x00000000b5500000, 0x00000000b5600000, 0x00000000b5600000|100%| E|CS|TAMS 0x00000000b5500000| PB 0x00000000b5500000| Complete 
| 854|0x00000000b5600000, 0x00000000b5700000, 0x00000000b5700000|100%| E|CS|TAMS 0x00000000b5600000| PB 0x00000000b5600000| Complete 
| 855|0x00000000b5700000, 0x00000000b5800000, 0x00000000b5800000|100%| E|CS|TAMS 0x00000000b5700000| PB 0x00000000b5700000| Complete 
| 856|0x00000000b5800000, 0x00000000b5900000, 0x00000000b5900000|100%| E|CS|TAMS 0x00000000b5800000| PB 0x00000000b5800000| Complete 
| 857|0x00000000b5900000, 0x00000000b5a00000, 0x00000000b5a00000|100%| E|CS|TAMS 0x00000000b5900000| PB 0x00000000b5900000| Complete 
| 858|0x00000000b5a00000, 0x00000000b5b00000, 0x00000000b5b00000|100%| E|CS|TAMS 0x00000000b5a00000| PB 0x00000000b5a00000| Complete 
| 859|0x00000000b5b00000, 0x00000000b5c00000, 0x00000000b5c00000|100%| E|CS|TAMS 0x00000000b5b00000| PB 0x00000000b5b00000| Complete 
| 860|0x00000000b5c00000, 0x00000000b5d00000, 0x00000000b5d00000|100%| E|CS|TAMS 0x00000000b5c00000| PB 0x00000000b5c00000| Complete 
| 861|0x00000000b5d00000, 0x00000000b5e00000, 0x00000000b5e00000|100%| E|CS|TAMS 0x00000000b5d00000| PB 0x00000000b5d00000| Complete 
| 862|0x00000000b5e00000, 0x00000000b5f00000, 0x00000000b5f00000|100%| E|CS|TAMS 0x00000000b5e00000| PB 0x00000000b5e00000| Complete 
| 863|0x00000000b5f00000, 0x00000000b6000000, 0x00000000b6000000|100%| E|CS|TAMS 0x00000000b5f00000| PB 0x00000000b5f00000| Complete 
| 864|0x00000000b6000000, 0x00000000b6100000, 0x00000000b6100000|100%| E|CS|TAMS 0x00000000b6000000| PB 0x00000000b6000000| Complete 
| 865|0x00000000b6100000, 0x00000000b6200000, 0x00000000b6200000|100%| E|CS|TAMS 0x00000000b6100000| PB 0x00000000b6100000| Complete 
| 866|0x00000000b6200000, 0x00000000b6300000, 0x00000000b6300000|100%| E|CS|TAMS 0x00000000b6200000| PB 0x00000000b6200000| Complete 
| 867|0x00000000b6300000, 0x00000000b6400000, 0x00000000b6400000|100%| E|CS|TAMS 0x00000000b6300000| PB 0x00000000b6300000| Complete 
| 868|0x00000000b6400000, 0x00000000b6500000, 0x00000000b6500000|100%| E|CS|TAMS 0x00000000b6400000| PB 0x00000000b6400000| Complete 
| 869|0x00000000b6500000, 0x00000000b6600000, 0x00000000b6600000|100%| E|CS|TAMS 0x00000000b6500000| PB 0x00000000b6500000| Complete 
| 870|0x00000000b6600000, 0x00000000b6700000, 0x00000000b6700000|100%| E|CS|TAMS 0x00000000b6600000| PB 0x00000000b6600000| Complete 
| 871|0x00000000b6700000, 0x00000000b6800000, 0x00000000b6800000|100%| E|CS|TAMS 0x00000000b6700000| PB 0x00000000b6700000| Complete 
| 872|0x00000000b6800000, 0x00000000b6900000, 0x00000000b6900000|100%| E|CS|TAMS 0x00000000b6800000| PB 0x00000000b6800000| Complete 
| 873|0x00000000b6900000, 0x00000000b6a00000, 0x00000000b6a00000|100%| E|CS|TAMS 0x00000000b6900000| PB 0x00000000b6900000| Complete 
| 874|0x00000000b6a00000, 0x00000000b6b00000, 0x00000000b6b00000|100%| E|CS|TAMS 0x00000000b6a00000| PB 0x00000000b6a00000| Complete 
| 875|0x00000000b6b00000, 0x00000000b6c00000, 0x00000000b6c00000|100%| E|CS|TAMS 0x00000000b6b00000| PB 0x00000000b6b00000| Complete 
| 876|0x00000000b6c00000, 0x00000000b6d00000, 0x00000000b6d00000|100%| E|CS|TAMS 0x00000000b6c00000| PB 0x00000000b6c00000| Complete 
| 877|0x00000000b6d00000, 0x00000000b6e00000, 0x00000000b6e00000|100%| E|CS|TAMS 0x00000000b6d00000| PB 0x00000000b6d00000| Complete 
| 878|0x00000000b6e00000, 0x00000000b6f00000, 0x00000000b6f00000|100%| E|CS|TAMS 0x00000000b6e00000| PB 0x00000000b6e00000| Complete 
| 879|0x00000000b6f00000, 0x00000000b7000000, 0x00000000b7000000|100%| E|CS|TAMS 0x00000000b6f00000| PB 0x00000000b6f00000| Complete 
| 880|0x00000000b7000000, 0x00000000b7100000, 0x00000000b7100000|100%| E|CS|TAMS 0x00000000b7000000| PB 0x00000000b7000000| Complete 
| 881|0x00000000b7100000, 0x00000000b7200000, 0x00000000b7200000|100%| E|CS|TAMS 0x00000000b7100000| PB 0x00000000b7100000| Complete 
| 882|0x00000000b7200000, 0x00000000b7300000, 0x00000000b7300000|100%| E|CS|TAMS 0x00000000b7200000| PB 0x00000000b7200000| Complete 
| 883|0x00000000b7300000, 0x00000000b7400000, 0x00000000b7400000|100%| E|CS|TAMS 0x00000000b7300000| PB 0x00000000b7300000| Complete 
| 884|0x00000000b7400000, 0x00000000b7500000, 0x00000000b7500000|100%| E|CS|TAMS 0x00000000b7400000| PB 0x00000000b7400000| Complete 
| 885|0x00000000b7500000, 0x00000000b7600000, 0x00000000b7600000|100%| E|CS|TAMS 0x00000000b7500000| PB 0x00000000b7500000| Complete 
| 886|0x00000000b7600000, 0x00000000b7700000, 0x00000000b7700000|100%| E|CS|TAMS 0x00000000b7600000| PB 0x00000000b7600000| Complete 
| 887|0x00000000b7700000, 0x00000000b7800000, 0x00000000b7800000|100%| E|CS|TAMS 0x00000000b7700000| PB 0x00000000b7700000| Complete 
| 888|0x00000000b7800000, 0x00000000b7900000, 0x00000000b7900000|100%| E|CS|TAMS 0x00000000b7800000| PB 0x00000000b7800000| Complete 
| 889|0x00000000b7900000, 0x00000000b7a00000, 0x00000000b7a00000|100%| E|CS|TAMS 0x00000000b7900000| PB 0x00000000b7900000| Complete 
| 890|0x00000000b7a00000, 0x00000000b7b00000, 0x00000000b7b00000|100%| E|CS|TAMS 0x00000000b7a00000| PB 0x00000000b7a00000| Complete 
| 891|0x00000000b7b00000, 0x00000000b7c00000, 0x00000000b7c00000|100%| E|CS|TAMS 0x00000000b7b00000| PB 0x00000000b7b00000| Complete 
| 892|0x00000000b7c00000, 0x00000000b7d00000, 0x00000000b7d00000|100%| E|CS|TAMS 0x00000000b7c00000| PB 0x00000000b7c00000| Complete 
| 893|0x00000000b7d00000, 0x00000000b7e00000, 0x00000000b7e00000|100%| E|CS|TAMS 0x00000000b7d00000| PB 0x00000000b7d00000| Complete 
| 894|0x00000000b7e00000, 0x00000000b7f00000, 0x00000000b7f00000|100%| E|CS|TAMS 0x00000000b7e00000| PB 0x00000000b7e00000| Complete 
| 895|0x00000000b7f00000, 0x00000000b8000000, 0x00000000b8000000|100%| E|CS|TAMS 0x00000000b7f00000| PB 0x00000000b7f00000| Complete 
| 896|0x00000000b8000000, 0x00000000b8100000, 0x00000000b8100000|100%| E|CS|TAMS 0x00000000b8000000| PB 0x00000000b8000000| Complete 
| 897|0x00000000b8100000, 0x00000000b8200000, 0x00000000b8200000|100%| E|CS|TAMS 0x00000000b8100000| PB 0x00000000b8100000| Complete 
| 898|0x00000000b8200000, 0x00000000b8300000, 0x00000000b8300000|100%| E|CS|TAMS 0x00000000b8200000| PB 0x00000000b8200000| Complete 
| 899|0x00000000b8300000, 0x00000000b8400000, 0x00000000b8400000|100%| E|CS|TAMS 0x00000000b8300000| PB 0x00000000b8300000| Complete 
| 900|0x00000000b8400000, 0x00000000b8500000, 0x00000000b8500000|100%| E|CS|TAMS 0x00000000b8400000| PB 0x00000000b8400000| Complete 
| 901|0x00000000b8500000, 0x00000000b8600000, 0x00000000b8600000|100%| E|CS|TAMS 0x00000000b8500000| PB 0x00000000b8500000| Complete 
| 902|0x00000000b8600000, 0x00000000b8700000, 0x00000000b8700000|100%| E|CS|TAMS 0x00000000b8600000| PB 0x00000000b8600000| Complete 
| 903|0x00000000b8700000, 0x00000000b8800000, 0x00000000b8800000|100%| E|CS|TAMS 0x00000000b8700000| PB 0x00000000b8700000| Complete 
| 904|0x00000000b8800000, 0x00000000b8900000, 0x00000000b8900000|100%| E|CS|TAMS 0x00000000b8800000| PB 0x00000000b8800000| Complete 
| 905|0x00000000b8900000, 0x00000000b8a00000, 0x00000000b8a00000|100%| E|CS|TAMS 0x00000000b8900000| PB 0x00000000b8900000| Complete 
| 906|0x00000000b8a00000, 0x00000000b8b00000, 0x00000000b8b00000|100%| E|CS|TAMS 0x00000000b8a00000| PB 0x00000000b8a00000| Complete 
| 907|0x00000000b8b00000, 0x00000000b8c00000, 0x00000000b8c00000|100%| E|CS|TAMS 0x00000000b8b00000| PB 0x00000000b8b00000| Complete 
| 908|0x00000000b8c00000, 0x00000000b8d00000, 0x00000000b8d00000|100%| E|CS|TAMS 0x00000000b8c00000| PB 0x00000000b8c00000| Complete 
| 909|0x00000000b8d00000, 0x00000000b8e00000, 0x00000000b8e00000|100%| E|CS|TAMS 0x00000000b8d00000| PB 0x00000000b8d00000| Complete 
| 910|0x00000000b8e00000, 0x00000000b8f00000, 0x00000000b8f00000|100%| E|CS|TAMS 0x00000000b8e00000| PB 0x00000000b8e00000| Complete 
| 911|0x00000000b8f00000, 0x00000000b9000000, 0x00000000b9000000|100%| E|CS|TAMS 0x00000000b8f00000| PB 0x00000000b8f00000| Complete 
| 912|0x00000000b9000000, 0x00000000b9100000, 0x00000000b9100000|100%| E|CS|TAMS 0x00000000b9000000| PB 0x00000000b9000000| Complete 
| 913|0x00000000b9100000, 0x00000000b9200000, 0x00000000b9200000|100%| E|CS|TAMS 0x00000000b9100000| PB 0x00000000b9100000| Complete 
| 914|0x00000000b9200000, 0x00000000b9300000, 0x00000000b9300000|100%| E|CS|TAMS 0x00000000b9200000| PB 0x00000000b9200000| Complete 
| 915|0x00000000b9300000, 0x00000000b9400000, 0x00000000b9400000|100%| E|CS|TAMS 0x00000000b9300000| PB 0x00000000b9300000| Complete 
| 916|0x00000000b9400000, 0x00000000b9500000, 0x00000000b9500000|100%| E|CS|TAMS 0x00000000b9400000| PB 0x00000000b9400000| Complete 
| 917|0x00000000b9500000, 0x00000000b9600000, 0x00000000b9600000|100%| E|CS|TAMS 0x00000000b9500000| PB 0x00000000b9500000| Complete 
| 918|0x00000000b9600000, 0x00000000b9700000, 0x00000000b9700000|100%| E|CS|TAMS 0x00000000b9600000| PB 0x00000000b9600000| Complete 
| 919|0x00000000b9700000, 0x00000000b9800000, 0x00000000b9800000|100%| E|CS|TAMS 0x00000000b9700000| PB 0x00000000b9700000| Complete 
| 920|0x00000000b9800000, 0x00000000b9900000, 0x00000000b9900000|100%| E|CS|TAMS 0x00000000b9800000| PB 0x00000000b9800000| Complete 
| 921|0x00000000b9900000, 0x00000000b9a00000, 0x00000000b9a00000|100%| E|CS|TAMS 0x00000000b9900000| PB 0x00000000b9900000| Complete 
| 922|0x00000000b9a00000, 0x00000000b9b00000, 0x00000000b9b00000|100%| E|CS|TAMS 0x00000000b9a00000| PB 0x00000000b9a00000| Complete 
| 923|0x00000000b9b00000, 0x00000000b9c00000, 0x00000000b9c00000|100%| E|CS|TAMS 0x00000000b9b00000| PB 0x00000000b9b00000| Complete 
| 924|0x00000000b9c00000, 0x00000000b9d00000, 0x00000000b9d00000|100%| E|CS|TAMS 0x00000000b9c00000| PB 0x00000000b9c00000| Complete 
| 925|0x00000000b9d00000, 0x00000000b9e00000, 0x00000000b9e00000|100%| E|CS|TAMS 0x00000000b9d00000| PB 0x00000000b9d00000| Complete 
| 926|0x00000000b9e00000, 0x00000000b9f00000, 0x00000000b9f00000|100%| E|CS|TAMS 0x00000000b9e00000| PB 0x00000000b9e00000| Complete 
| 927|0x00000000b9f00000, 0x00000000ba000000, 0x00000000ba000000|100%| E|  |TAMS 0x00000000b9f00000| PB 0x00000000b9f00000| Complete 
| 928|0x00000000ba000000, 0x00000000ba100000, 0x00000000ba100000|100%| E|CS|TAMS 0x00000000ba000000| PB 0x00000000ba000000| Complete 
| 929|0x00000000ba100000, 0x00000000ba200000, 0x00000000ba200000|100%| E|CS|TAMS 0x00000000ba100000| PB 0x00000000ba100000| Complete 
| 930|0x00000000ba200000, 0x00000000ba300000, 0x00000000ba300000|100%| E|CS|TAMS 0x00000000ba200000| PB 0x00000000ba200000| Complete 
| 931|0x00000000ba300000, 0x00000000ba400000, 0x00000000ba400000|100%| E|CS|TAMS 0x00000000ba300000| PB 0x00000000ba300000| Complete 
| 932|0x00000000ba400000, 0x00000000ba500000, 0x00000000ba500000|100%| E|CS|TAMS 0x00000000ba400000| PB 0x00000000ba400000| Complete 
| 933|0x00000000ba500000, 0x00000000ba600000, 0x00000000ba600000|100%| E|CS|TAMS 0x00000000ba500000| PB 0x00000000ba500000| Complete 
| 934|0x00000000ba600000, 0x00000000ba700000, 0x00000000ba700000|100%| E|CS|TAMS 0x00000000ba600000| PB 0x00000000ba600000| Complete 
| 935|0x00000000ba700000, 0x00000000ba800000, 0x00000000ba800000|100%| E|CS|TAMS 0x00000000ba700000| PB 0x00000000ba700000| Complete 
| 936|0x00000000ba800000, 0x00000000ba900000, 0x00000000ba900000|100%| E|CS|TAMS 0x00000000ba800000| PB 0x00000000ba800000| Complete 
| 937|0x00000000ba900000, 0x00000000baa00000, 0x00000000baa00000|100%| E|CS|TAMS 0x00000000ba900000| PB 0x00000000ba900000| Complete 
| 938|0x00000000baa00000, 0x00000000bab00000, 0x00000000bab00000|100%| E|CS|TAMS 0x00000000baa00000| PB 0x00000000baa00000| Complete 
| 939|0x00000000bab00000, 0x00000000bac00000, 0x00000000bac00000|100%| E|CS|TAMS 0x00000000bab00000| PB 0x00000000bab00000| Complete 
| 940|0x00000000bac00000, 0x00000000bad00000, 0x00000000bad00000|100%| E|CS|TAMS 0x00000000bac00000| PB 0x00000000bac00000| Complete 
| 941|0x00000000bad00000, 0x00000000bae00000, 0x00000000bae00000|100%| E|CS|TAMS 0x00000000bad00000| PB 0x00000000bad00000| Complete 
| 942|0x00000000bae00000, 0x00000000baf00000, 0x00000000baf00000|100%| E|CS|TAMS 0x00000000bae00000| PB 0x00000000bae00000| Complete 
| 943|0x00000000baf00000, 0x00000000bb000000, 0x00000000bb000000|100%| E|CS|TAMS 0x00000000baf00000| PB 0x00000000baf00000| Complete 
| 944|0x00000000bb000000, 0x00000000bb100000, 0x00000000bb100000|100%| E|CS|TAMS 0x00000000bb000000| PB 0x00000000bb000000| Complete 
| 945|0x00000000bb100000, 0x00000000bb200000, 0x00000000bb200000|100%| E|CS|TAMS 0x00000000bb100000| PB 0x00000000bb100000| Complete 
| 946|0x00000000bb200000, 0x00000000bb300000, 0x00000000bb300000|100%| E|CS|TAMS 0x00000000bb200000| PB 0x00000000bb200000| Complete 
| 947|0x00000000bb300000, 0x00000000bb400000, 0x00000000bb400000|100%| E|CS|TAMS 0x00000000bb300000| PB 0x00000000bb300000| Complete 
| 948|0x00000000bb400000, 0x00000000bb500000, 0x00000000bb500000|100%| E|CS|TAMS 0x00000000bb400000| PB 0x00000000bb400000| Complete 
| 949|0x00000000bb500000, 0x00000000bb600000, 0x00000000bb600000|100%| E|CS|TAMS 0x00000000bb500000| PB 0x00000000bb500000| Complete 
| 950|0x00000000bb600000, 0x00000000bb700000, 0x00000000bb700000|100%| E|CS|TAMS 0x00000000bb600000| PB 0x00000000bb600000| Complete 
| 951|0x00000000bb700000, 0x00000000bb800000, 0x00000000bb800000|100%| E|CS|TAMS 0x00000000bb700000| PB 0x00000000bb700000| Complete 
| 952|0x00000000bb800000, 0x00000000bb900000, 0x00000000bb900000|100%| E|CS|TAMS 0x00000000bb800000| PB 0x00000000bb800000| Complete 
| 953|0x00000000bb900000, 0x00000000bba00000, 0x00000000bba00000|100%| E|CS|TAMS 0x00000000bb900000| PB 0x00000000bb900000| Complete 
| 954|0x00000000bba00000, 0x00000000bbb00000, 0x00000000bbb00000|100%| E|CS|TAMS 0x00000000bba00000| PB 0x00000000bba00000| Complete 
| 955|0x00000000bbb00000, 0x00000000bbc00000, 0x00000000bbc00000|100%| E|CS|TAMS 0x00000000bbb00000| PB 0x00000000bbb00000| Complete 
| 956|0x00000000bbc00000, 0x00000000bbd00000, 0x00000000bbd00000|100%| E|CS|TAMS 0x00000000bbc00000| PB 0x00000000bbc00000| Complete 
| 957|0x00000000bbd00000, 0x00000000bbe00000, 0x00000000bbe00000|100%| E|CS|TAMS 0x00000000bbd00000| PB 0x00000000bbd00000| Complete 
| 958|0x00000000bbe00000, 0x00000000bbf00000, 0x00000000bbf00000|100%| E|CS|TAMS 0x00000000bbe00000| PB 0x00000000bbe00000| Complete 
|1983|0x00000000fbf00000, 0x00000000fc000000, 0x00000000fc000000|100%| E|CS|TAMS 0x00000000fbf00000| PB 0x00000000fbf00000| Complete 
|1984|0x00000000fc000000, 0x00000000fc100000, 0x00000000fc100000|100%| E|CS|TAMS 0x00000000fc000000| PB 0x00000000fc000000| Complete 
|1985|0x00000000fc100000, 0x00000000fc200000, 0x00000000fc200000|100%| E|CS|TAMS 0x00000000fc100000| PB 0x00000000fc100000| Complete 
|1986|0x00000000fc200000, 0x00000000fc300000, 0x00000000fc300000|100%| E|CS|TAMS 0x00000000fc200000| PB 0x00000000fc200000| Complete 
|1987|0x00000000fc300000, 0x00000000fc400000, 0x00000000fc400000|100%| E|CS|TAMS 0x00000000fc300000| PB 0x00000000fc300000| Complete 
|1988|0x00000000fc400000, 0x00000000fc500000, 0x00000000fc500000|100%| E|CS|TAMS 0x00000000fc400000| PB 0x00000000fc400000| Complete 
|1989|0x00000000fc500000, 0x00000000fc600000, 0x00000000fc600000|100%| E|CS|TAMS 0x00000000fc500000| PB 0x00000000fc500000| Complete 
|1990|0x00000000fc600000, 0x00000000fc700000, 0x00000000fc700000|100%| E|CS|TAMS 0x00000000fc600000| PB 0x00000000fc600000| Complete 
|1991|0x00000000fc700000, 0x00000000fc800000, 0x00000000fc800000|100%| E|CS|TAMS 0x00000000fc700000| PB 0x00000000fc700000| Complete 
|1992|0x00000000fc800000, 0x00000000fc900000, 0x00000000fc900000|100%| E|CS|TAMS 0x00000000fc800000| PB 0x00000000fc800000| Complete 
|1993|0x00000000fc900000, 0x00000000fca00000, 0x00000000fca00000|100%| E|CS|TAMS 0x00000000fc900000| PB 0x00000000fc900000| Complete 
|1994|0x00000000fca00000, 0x00000000fcb00000, 0x00000000fcb00000|100%| E|CS|TAMS 0x00000000fca00000| PB 0x00000000fca00000| Complete 
|1995|0x00000000fcb00000, 0x00000000fcc00000, 0x00000000fcc00000|100%| E|CS|TAMS 0x00000000fcb00000| PB 0x00000000fcb00000| Complete 
|1996|0x00000000fcc00000, 0x00000000fcd00000, 0x00000000fcd00000|100%| E|CS|TAMS 0x00000000fcc00000| PB 0x00000000fcc00000| Complete 
|1997|0x00000000fcd00000, 0x00000000fce00000, 0x00000000fce00000|100%| E|CS|TAMS 0x00000000fcd00000| PB 0x00000000fcd00000| Complete 
|1998|0x00000000fce00000, 0x00000000fcf00000, 0x00000000fcf00000|100%| E|CS|TAMS 0x00000000fce00000| PB 0x00000000fce00000| Complete 
|1999|0x00000000fcf00000, 0x00000000fd000000, 0x00000000fd000000|100%| E|CS|TAMS 0x00000000fcf00000| PB 0x00000000fcf00000| Complete 
|2000|0x00000000fd000000, 0x00000000fd100000, 0x00000000fd100000|100%| E|CS|TAMS 0x00000000fd000000| PB 0x00000000fd000000| Complete 
|2001|0x00000000fd100000, 0x00000000fd200000, 0x00000000fd200000|100%| E|CS|TAMS 0x00000000fd100000| PB 0x00000000fd100000| Complete 
|2002|0x00000000fd200000, 0x00000000fd300000, 0x00000000fd300000|100%| E|CS|TAMS 0x00000000fd200000| PB 0x00000000fd200000| Complete 
|2003|0x00000000fd300000, 0x00000000fd400000, 0x00000000fd400000|100%| E|CS|TAMS 0x00000000fd300000| PB 0x00000000fd300000| Complete 
|2004|0x00000000fd400000, 0x00000000fd500000, 0x00000000fd500000|100%| E|CS|TAMS 0x00000000fd400000| PB 0x00000000fd400000| Complete 
|2005|0x00000000fd500000, 0x00000000fd600000, 0x00000000fd600000|100%| E|CS|TAMS 0x00000000fd500000| PB 0x00000000fd500000| Complete 
|2006|0x00000000fd600000, 0x00000000fd700000, 0x00000000fd700000|100%| E|CS|TAMS 0x00000000fd600000| PB 0x00000000fd600000| Complete 
|2007|0x00000000fd700000, 0x00000000fd800000, 0x00000000fd800000|100%| E|CS|TAMS 0x00000000fd700000| PB 0x00000000fd700000| Complete 
|2008|0x00000000fd800000, 0x00000000fd900000, 0x00000000fd900000|100%| E|CS|TAMS 0x00000000fd800000| PB 0x00000000fd800000| Complete 
|2009|0x00000000fd900000, 0x00000000fda00000, 0x00000000fda00000|100%| E|CS|TAMS 0x00000000fd900000| PB 0x00000000fd900000| Complete 
|2010|0x00000000fda00000, 0x00000000fdb00000, 0x00000000fdb00000|100%| E|CS|TAMS 0x00000000fda00000| PB 0x00000000fda00000| Complete 
|2011|0x00000000fdb00000, 0x00000000fdc00000, 0x00000000fdc00000|100%| E|CS|TAMS 0x00000000fdb00000| PB 0x00000000fdb00000| Complete 
|2012|0x00000000fdc00000, 0x00000000fdd00000, 0x00000000fdd00000|100%| E|CS|TAMS 0x00000000fdc00000| PB 0x00000000fdc00000| Complete 
|2013|0x00000000fdd00000, 0x00000000fde00000, 0x00000000fde00000|100%| E|CS|TAMS 0x00000000fdd00000| PB 0x00000000fdd00000| Complete 
|2014|0x00000000fde00000, 0x00000000fdf00000, 0x00000000fdf00000|100%| E|CS|TAMS 0x00000000fde00000| PB 0x00000000fde00000| Complete 
|2015|0x00000000fdf00000, 0x00000000fe000000, 0x00000000fe000000|100%| E|CS|TAMS 0x00000000fdf00000| PB 0x00000000fdf00000| Complete 
|2016|0x00000000fe000000, 0x00000000fe100000, 0x00000000fe100000|100%| E|CS|TAMS 0x00000000fe000000| PB 0x00000000fe000000| Complete 
|2017|0x00000000fe100000, 0x00000000fe200000, 0x00000000fe200000|100%| E|CS|TAMS 0x00000000fe100000| PB 0x00000000fe100000| Complete 
|2018|0x00000000fe200000, 0x00000000fe300000, 0x00000000fe300000|100%| E|CS|TAMS 0x00000000fe200000| PB 0x00000000fe200000| Complete 
|2019|0x00000000fe300000, 0x00000000fe400000, 0x00000000fe400000|100%| E|CS|TAMS 0x00000000fe300000| PB 0x00000000fe300000| Complete 
|2020|0x00000000fe400000, 0x00000000fe500000, 0x00000000fe500000|100%| E|CS|TAMS 0x00000000fe400000| PB 0x00000000fe400000| Complete 
|2021|0x00000000fe500000, 0x00000000fe600000, 0x00000000fe600000|100%| E|CS|TAMS 0x00000000fe500000| PB 0x00000000fe500000| Complete 
|2022|0x00000000fe600000, 0x00000000fe700000, 0x00000000fe700000|100%| E|CS|TAMS 0x00000000fe600000| PB 0x00000000fe600000| Complete 
|2023|0x00000000fe700000, 0x00000000fe800000, 0x00000000fe800000|100%| E|CS|TAMS 0x00000000fe700000| PB 0x00000000fe700000| Complete 
|2024|0x00000000fe800000, 0x00000000fe900000, 0x00000000fe900000|100%| E|CS|TAMS 0x00000000fe800000| PB 0x00000000fe800000| Complete 
|2025|0x00000000fe900000, 0x00000000fea00000, 0x00000000fea00000|100%| E|CS|TAMS 0x00000000fe900000| PB 0x00000000fe900000| Complete 
|2026|0x00000000fea00000, 0x00000000feb00000, 0x00000000feb00000|100%| E|CS|TAMS 0x00000000fea00000| PB 0x00000000fea00000| Complete 
|2027|0x00000000feb00000, 0x00000000fec00000, 0x00000000fec00000|100%| E|CS|TAMS 0x00000000feb00000| PB 0x00000000feb00000| Complete 
|2028|0x00000000fec00000, 0x00000000fed00000, 0x00000000fed00000|100%| E|CS|TAMS 0x00000000fec00000| PB 0x00000000fec00000| Complete 
|2029|0x00000000fed00000, 0x00000000fee00000, 0x00000000fee00000|100%| E|CS|TAMS 0x00000000fed00000| PB 0x00000000fed00000| Complete 
|2030|0x00000000fee00000, 0x00000000fef00000, 0x00000000fef00000|100%| E|CS|TAMS 0x00000000fee00000| PB 0x00000000fee00000| Complete 
|2031|0x00000000fef00000, 0x00000000ff000000, 0x00000000ff000000|100%| E|CS|TAMS 0x00000000fef00000| PB 0x00000000fef00000| Complete 
|2032|0x00000000ff000000, 0x00000000ff050030, 0x00000000ff100000| 31%| S|CS|TAMS 0x00000000ff000000| PB 0x00000000ff000000| Complete 
|2033|0x00000000ff100000, 0x00000000ff200000, 0x00000000ff200000|100%| O|  |TAMS 0x00000000ff200000| PB 0x00000000ff200000| Updating 
|2034|0x00000000ff200000, 0x00000000ff300000, 0x00000000ff300000|100%| S|CS|TAMS 0x00000000ff200000| PB 0x00000000ff200000| Complete 
|2035|0x00000000ff300000, 0x00000000ff400000, 0x00000000ff400000|100%| S|CS|TAMS 0x00000000ff300000| PB 0x00000000ff300000| Complete 
|2036|0x00000000ff400000, 0x00000000ff500000, 0x00000000ff500000|100%| S|CS|TAMS 0x00000000ff400000| PB 0x00000000ff400000| Complete 
|2037|0x00000000ff500000, 0x00000000ff600000, 0x00000000ff600000|100%| E|CS|TAMS 0x00000000ff500000| PB 0x00000000ff500000| Complete 
|2038|0x00000000ff600000, 0x00000000ff700000, 0x00000000ff700000|100%| O|  |TAMS 0x00000000ff700000| PB 0x00000000ff700000| Updating 
|2039|0x00000000ff700000, 0x00000000ff800000, 0x00000000ff800000|100%| O|  |TAMS 0x00000000ff800000| PB 0x00000000ff800000| Updating 
|2040|0x00000000ff800000, 0x00000000ff900000, 0x00000000ff900000|100%| E|CS|TAMS 0x00000000ff800000| PB 0x00000000ff800000| Complete 
|2041|0x00000000ff900000, 0x00000000ffa00000, 0x00000000ffa00000|100%| O|  |TAMS 0x00000000ffa00000| PB 0x00000000ffa00000| Updating 
|2042|0x00000000ffa00000, 0x00000000ffb00000, 0x00000000ffb00000|100%| E|CS|TAMS 0x00000000ffa00000| PB 0x00000000ffa00000| Complete 
|2043|0x00000000ffb00000, 0x00000000ffc00000, 0x00000000ffc00000|100%| E|CS|TAMS 0x00000000ffb00000| PB 0x00000000ffb00000| Complete 
|2044|0x00000000ffc00000, 0x00000000ffd00000, 0x00000000ffd00000|100%| O|  |TAMS 0x00000000ffd00000| PB 0x00000000ffd00000| Updating 
|2045|0x00000000ffd00000, 0x00000000ffe00000, 0x00000000ffe00000|100%| E|CS|TAMS 0x00000000ffd00000| PB 0x00000000ffd00000| Complete 
|2046|0x00000000ffe00000, 0x00000000fff00000, 0x00000000fff00000|100%| E|CS|TAMS 0x00000000ffe00000| PB 0x00000000ffe00000| Complete 
|2047|0x00000000fff00000, 0x0000000100000000, 0x0000000100000000|100%| O|  |TAMS 0x0000000100000000| PB 0x0000000100000000| Updating 

Card table byte_map: [0x000001769bb60000,0x000001769bf60000] _byte_map_base: 0x000001769b760000

Marking Bits: (CMBitMap*) 0x0000017682423270
 Bits: [0x000001769bf60000, 0x000001769df60000)

Polling page: 0x0000017682490000

Metaspace:

Usage:
  Non-class:    179.58 MB used.
      Class:     25.83 MB used.
       Both:    205.41 MB used.

Virtual space:
  Non-class space:      192.00 MB reserved,     181.25 MB ( 94%) committed,  3 nodes.
      Class space:        1.00 GB reserved,      27.31 MB (  3%) committed,  1 nodes.
             Both:        1.19 GB reserved,     208.56 MB ( 17%) committed. 

Chunk freelists:
   Non-Class:  10.50 MB
       Class:  4.59 MB
        Both:  15.08 MB

MaxMetaspaceSize: unlimited
CompressedClassSpaceSize: 1.00 GB
Initial GC threshold: 21.00 MB
Current GC threshold: 292.75 MB
CDS: on
 - commit_granule_bytes: 65536.
 - commit_granule_words: 8192.
 - virtual_space_node_default_size: 8388608.
 - enlarge_chunks_in_place: 1.
 - use_allocation_guard: 0.


Internal statistics:

num_allocs_failed_limit: 6.
num_arena_births: 5156.
num_arena_deaths: 16.
num_vsnodes_births: 4.
num_vsnodes_deaths: 0.
num_space_committed: 3333.
num_space_uncommitted: 1.
num_chunks_returned_to_freelist: 53.
num_chunks_taken_from_freelist: 14382.
num_chunk_merges: 16.
num_chunk_splits: 9704.
num_chunks_enlarged: 6505.
num_inconsistent_stats: 0.

CodeHeap 'non-profiled nmethods': size=120000Kb used=21080Kb max_used=26664Kb free=98919Kb
 bounds [0x0000017693d00000, 0x0000017695710000, 0x000001769b230000]
CodeHeap 'profiled nmethods': size=120000Kb used=44070Kb max_used=59795Kb free=75929Kb
 bounds [0x000001768c230000, 0x000001768fca0000, 0x0000017693760000]
CodeHeap 'non-nmethods': size=5760Kb used=3043Kb max_used=3117Kb free=2716Kb
 bounds [0x0000017693760000, 0x0000017693a80000, 0x0000017693d00000]
 total_blobs=23560 nmethods=22299 adapters=1163
 compilation: enabled
              stopped_count=0, restarted_count=0
 full_count=0

Compilation events (20 events):
Event: 152.824 Thread 0x00000176a05676a0 38566       1       org.jetbrains.kotlin.analysis.api.fir.symbols.KaFirNamedClassSymbol::getLazyFirSymbol (5 bytes)
Event: 152.824 Thread 0x00000176a05676a0 nmethod 38566 0x0000017695709390 code [0x0000017695709520, 0x00000176957095e8]
Event: 152.827 Thread 0x00000176a05676a0 38567       3       com.intellij.util.containers.ConcurrentRefValueHashMap::get (35 bytes)
Event: 152.828 Thread 0x00000176a05676a0 nmethod 38567 0x000001768fc97f10 code [0x000001768fc98100, 0x000001768fc98598]
Event: 152.830 Thread 0x00000176a05676a0 38568       3       org.jetbrains.kotlin.analysis.low.level.api.fir.api.LLFirResolveSession::getUseSiteFirSession (8 bytes)
Event: 152.830 Thread 0x00000176a05676a0 nmethod 38568 0x000001768fc98710 code [0x000001768fc988c0, 0x000001768fc98bf0]
Event: 152.830 Thread 0x00000176a05676a0 38569       1       org.jetbrains.kotlin.psi.KtCommonFile::isCompiled (5 bytes)
Event: 152.830 Thread 0x00000176a05676a0 nmethod 38569 0x0000017695709690 code [0x0000017695709820, 0x00000176957098f0]
Event: 152.831 Thread 0x00000176a05676a0 38570       3       org.jetbrains.kotlin.fir.resolve.providers.FirProviderKt::getFirProvider (25 bytes)
Event: 152.831 Thread 0x00000176a05676a0 nmethod 38570 0x000001768fc98d10 code [0x000001768fc98f40, 0x000001768fc99628]
Event: 152.831 Thread 0x00000176a05676a0 38571       1       kotlin.sequences.FilteringSequence::access$getSequence$p (5 bytes)
Event: 152.831 Thread 0x00000176a05676a0 nmethod 38571 0x0000017695709990 code [0x0000017695709b20, 0x0000017695709bd0]
Event: 152.832 Thread 0x00000176a05676a0 38572       3       org.jetbrains.kotlin.types.model.TypeSystemContext::typeConstructor (32 bytes)
Event: 152.833 Thread 0x00000176a05676a0 nmethod 38572 0x000001768fc99890 code [0x000001768fc99ae0, 0x000001768fc9a350]
Event: 152.833 Thread 0x00000176a05676a0 38573       3       org.jetbrains.kotlin.analysis.api.impl.base.components.KaSessionComponent::getToken (13 bytes)
Event: 152.834 Thread 0x00000176a05676a0 nmethod 38573 0x000001768fc9a610 code [0x000001768fc9a800, 0x000001768fc9add0]
Event: 152.834 Thread 0x00000176a05676a0 38574       1       com.intellij.psi.impl.compiled.ClsTypeElementImpl::getParent (5 bytes)
Event: 152.834 Thread 0x00000176a05676a0 nmethod 38574 0x0000017695709c90 code [0x0000017695709e20, 0x0000017695709ee8]
Event: 152.835 Thread 0x00000176a05676a0 38575       1       org.jetbrains.kotlin.fir.declarations.impl.FirRegularClassImpl::getSource (5 bytes)
Event: 152.835 Thread 0x00000176a05676a0 nmethod 38575 0x0000017695709f90 code [0x000001769570a120, 0x000001769570a1e8]

GC Heap History (20 events):
Event: 137.553 GC heap before
{Heap before GC invocations=81 (full 0):
 garbage-first heap   total 1048576K, used 961913K [0x0000000080000000, 0x0000000100000000)
  region size 1024K, 614 young (628736K), 13 survivors (13312K)
 Metaspace       used 177119K, committed 179840K, reserved 1245184K
  class space    used 22767K, committed 24128K, reserved 1048576K
}
Event: 137.676 GC heap after
{Heap after GC invocations=82 (full 0):
 garbage-first heap   total 1048576K, used 380416K [0x0000000080000000, 0x0000000100000000)
  region size 1024K, 45 young (46080K), 45 survivors (46080K)
 Metaspace       used 177119K, committed 179840K, reserved 1245184K
  class space    used 22767K, committed 24128K, reserved 1048576K
}
Event: 143.163 GC heap before
{Heap before GC invocations=83 (full 0):
 garbage-first heap   total 1048576K, used 847872K [0x0000000080000000, 0x0000000100000000)
  region size 1024K, 512 young (524288K), 45 survivors (46080K)
 Metaspace       used 182800K, committed 185664K, reserved 1245184K
  class space    used 23304K, committed 24768K, reserved 1048576K
}
Event: 143.240 GC heap after
{Heap after GC invocations=84 (full 0):
 garbage-first heap   total 1048576K, used 363520K [0x0000000080000000, 0x0000000100000000)
  region size 1024K, 29 young (29696K), 29 survivors (29696K)
 Metaspace       used 182800K, committed 185664K, reserved 1245184K
  class space    used 23304K, committed 24768K, reserved 1048576K
}
Event: 143.558 GC heap before
{Heap before GC invocations=84 (full 0):
 garbage-first heap   total 1048576K, used 519168K [0x0000000080000000, 0x0000000100000000)
  region size 1024K, 98 young (100352K), 29 survivors (29696K)
 Metaspace       used 183302K, committed 186176K, reserved 1245184K
  class space    used 23383K, committed 24832K, reserved 1048576K
}
Event: 143.584 GC heap after
{Heap after GC invocations=85 (full 0):
 garbage-first heap   total 1048576K, used 398848K [0x0000000080000000, 0x0000000100000000)
  region size 1024K, 13 young (13312K), 13 survivors (13312K)
 Metaspace       used 183302K, committed 186176K, reserved 1245184K
  class space    used 23383K, committed 24832K, reserved 1048576K
}
Event: 145.323 GC heap before
{Heap before GC invocations=85 (full 0):
 garbage-first heap   total 1048576K, used 846336K [0x0000000080000000, 0x0000000100000000)
  region size 1024K, 425 young (435200K), 13 survivors (13312K)
 Metaspace       used 184133K, committed 187008K, reserved 1245184K
  class space    used 23506K, committed 24960K, reserved 1048576K
}
Event: 145.437 GC heap after
{Heap after GC invocations=86 (full 0):
 garbage-first heap   total 1048576K, used 487424K [0x0000000080000000, 0x0000000100000000)
  region size 1024K, 54 young (55296K), 54 survivors (55296K)
 Metaspace       used 184133K, committed 187008K, reserved 1245184K
  class space    used 23506K, committed 24960K, reserved 1048576K
}
Event: 145.446 GC heap before
{Heap before GC invocations=86 (full 0):
 garbage-first heap   total 1048576K, used 488448K [0x0000000080000000, 0x0000000100000000)
  region size 1024K, 56 young (57344K), 54 survivors (55296K)
 Metaspace       used 184133K, committed 187008K, reserved 1245184K
  class space    used 23506K, committed 24960K, reserved 1048576K
}
Event: 145.512 GC heap after
{Heap after GC invocations=87 (full 0):
 garbage-first heap   total 1048576K, used 485376K [0x0000000080000000, 0x0000000100000000)
  region size 1024K, 2 young (2048K), 2 survivors (2048K)
 Metaspace       used 184133K, committed 187008K, reserved 1245184K
  class space    used 23506K, committed 24960K, reserved 1048576K
}
Event: 146.888 GC heap before
{Heap before GC invocations=87 (full 0):
 garbage-first heap   total 1048576K, used 913408K [0x0000000080000000, 0x0000000100000000)
  region size 1024K, 401 young (410624K), 2 survivors (2048K)
 Metaspace       used 186282K, committed 189248K, reserved 1245184K
  class space    used 23795K, committed 25280K, reserved 1048576K
}
Event: 147.006 GC heap after
{Heap after GC invocations=88 (full 0):
 garbage-first heap   total 1048576K, used 597504K [0x0000000080000000, 0x0000000100000000)
  region size 1024K, 51 young (52224K), 51 survivors (52224K)
 Metaspace       used 186282K, committed 189248K, reserved 1245184K
  class space    used 23795K, committed 25280K, reserved 1048576K
}
Event: 147.627 GC heap before
{Heap before GC invocations=88 (full 0):
 garbage-first heap   total 1048576K, used 656896K [0x0000000080000000, 0x0000000100000000)
  region size 1024K, 109 young (111616K), 51 survivors (52224K)
 Metaspace       used 190215K, committed 193152K, reserved 1245184K
  class space    used 24241K, committed 25728K, reserved 1048576K
}
Event: 147.687 GC heap after
{Heap after GC invocations=89 (full 0):
 garbage-first heap   total 1048576K, used 602112K [0x0000000080000000, 0x0000000100000000)
  region size 1024K, 8 young (8192K), 8 survivors (8192K)
 Metaspace       used 190215K, committed 193152K, reserved 1245184K
  class space    used 24241K, committed 25728K, reserved 1048576K
}
Event: 149.550 GC heap before
{Heap before GC invocations=89 (full 0):
 garbage-first heap   total 1048576K, used 896000K [0x0000000080000000, 0x0000000100000000)
  region size 1024K, 282 young (288768K), 8 survivors (8192K)
 Metaspace       used 204250K, committed 207168K, reserved 1245184K
  class space    used 25736K, committed 27200K, reserved 1048576K
}
Event: 149.590 GC heap after
{Heap after GC invocations=90 (full 0):
 garbage-first heap   total 1048576K, used 632704K [0x0000000080000000, 0x0000000100000000)
  region size 1024K, 27 young (27648K), 27 survivors (27648K)
 Metaspace       used 204250K, committed 207168K, reserved 1245184K
  class space    used 25736K, committed 27200K, reserved 1048576K
}
Event: 151.675 GC heap before
{Heap before GC invocations=90 (full 0):
 garbage-first heap   total 1048576K, used 900992K [0x0000000080000000, 0x0000000100000000)
  region size 1024K, 262 young (268288K), 27 survivors (27648K)
 Metaspace       used 210694K, committed 213568K, reserved 1245184K
  class space    used 26524K, committed 27968K, reserved 1048576K
}
Event: 151.753 GC heap after
{Heap after GC invocations=91 (full 0):
 garbage-first heap   total 1048576K, used 688384K [0x0000000080000000, 0x0000000100000000)
  region size 1024K, 30 young (30720K), 30 survivors (30720K)
 Metaspace       used 210694K, committed 213568K, reserved 1245184K
  class space    used 26524K, committed 27968K, reserved 1048576K
}
Event: 151.777 GC heap before
{Heap before GC invocations=91 (full 0):
 garbage-first heap   total 1048576K, used 692480K [0x0000000080000000, 0x0000000100000000)
  region size 1024K, 36 young (36864K), 30 survivors (30720K)
 Metaspace       used 210699K, committed 213632K, reserved 1245184K
  class space    used 26524K, committed 27968K, reserved 1048576K
}
Event: 151.799 GC heap after
{Heap after GC invocations=92 (full 0):
 garbage-first heap   total 1048576K, used 690944K [0x0000000080000000, 0x0000000100000000)
  region size 1024K, 4 young (4096K), 4 survivors (4096K)
 Metaspace       used 210699K, committed 213632K, reserved 1245184K
  class space    used 26524K, committed 27968K, reserved 1048576K
}

Dll operation events (17 events):
Event: 0.009 Loaded shared library C:\Program Files\Java\jdk-21\bin\java.dll
Event: 0.039 Loaded shared library C:\Program Files\Java\jdk-21\bin\jsvml.dll
Event: 0.077 Loaded shared library C:\Program Files\Java\jdk-21\bin\zip.dll
Event: 0.081 Loaded shared library C:\Program Files\Java\jdk-21\bin\instrument.dll
Event: 0.085 Loaded shared library C:\Program Files\Java\jdk-21\bin\net.dll
Event: 0.087 Loaded shared library C:\Program Files\Java\jdk-21\bin\nio.dll
Event: 0.090 Loaded shared library C:\Program Files\Java\jdk-21\bin\zip.dll
Event: 0.332 Loaded shared library C:\Program Files\Java\jdk-21\bin\jimage.dll
Event: 0.480 Loaded shared library C:\Program Files\Java\jdk-21\bin\verify.dll
Event: 0.610 Loaded shared library C:\Users\Rashmi\.gradle\native\c067742578af261105cb4f569cf0c3c89f3d7b1fecec35dd04571415982c5e48\windows-amd64\native-platform.dll
Event: 0.618 Loaded shared library C:\Users\Rashmi\.gradle\native\100fb08df4bc3b14c8652ba06237920a3bd2aa13389f12d3474272988ae205f9\windows-amd64\native-platform-file-events.dll
Event: 1.709 Loaded shared library C:\Program Files\Java\jdk-21\bin\management.dll
Event: 1.714 Loaded shared library C:\Program Files\Java\jdk-21\bin\management_ext.dll
Event: 2.017 Loaded shared library C:\Program Files\Java\jdk-21\bin\extnet.dll
Event: 2.190 Loaded shared library C:\Program Files\Java\jdk-21\bin\sunmscapi.dll
Event: 50.790 Loaded shared library C:\Program Files\Java\jdk-21\bin\awt.dll
Event: 71.253 Loaded shared library C:\Program Files\Java\jdk-21\bin\rmi.dll

Deoptimization events (20 events):
Event: 151.494 Thread 0x00000176ec14eee0 Uncommon trap: trap_request=0xffffffbe fr.pc=0x00000176956c0098 relative=0x00000000000008d8
Event: 151.494 Thread 0x00000176ec14eee0 Uncommon trap: reason=profile_predicate action=maybe_recompile pc=0x00000176956c0098 method=org.jetbrains.kotlin.metadata.jvm.deserialization.UtfEncodingKt.stringsToBytes([Ljava/lang/String;)[B @ 101 c2
Event: 151.494 Thread 0x00000176ec14eee0 DEOPT PACKING pc=0x00000176956c0098 sp=0x00000072460f7b40
Event: 151.494 Thread 0x00000176ec14eee0 DEOPT UNPACKING pc=0x00000176937b7da2 sp=0x00000072460f7aa8 mode 2
Event: 151.552 Thread 0x00000176f2605d10 Uncommon trap: trap_request=0xffffffde fr.pc=0x0000017694c23b9c relative=0x000000000000079c
Event: 151.552 Thread 0x00000176f2605d10 Uncommon trap: reason=class_check action=maybe_recompile pc=0x0000017694c23b9c method=java.util.concurrent.ForkJoinTask.doExec()I @ 10 c2
Event: 151.552 Thread 0x00000176f2605d10 DEOPT PACKING pc=0x0000017694c23b9c sp=0x00000072489ff0a0
Event: 151.552 Thread 0x00000176f2605d10 DEOPT UNPACKING pc=0x00000176937b7da2 sp=0x00000072489fef30 mode 2
Event: 151.562 Thread 0x00000176f2602890 Uncommon trap: trap_request=0xffffff6e fr.pc=0x00000176956c7ac0 relative=0x0000000000001ae0
Event: 151.563 Thread 0x00000176f2602890 Uncommon trap: reason=loop_limit_check action=maybe_recompile pc=0x00000176956c7ac0 method=com.android.tools.r8.internal.nG.a()I @ 64 c2
Event: 151.563 Thread 0x00000176f2602890 DEOPT PACKING pc=0x00000176956c7ac0 sp=0x00000072486fe920
Event: 151.563 Thread 0x00000176f2602890 DEOPT UNPACKING pc=0x00000176937b7da2 sp=0x00000072486fe848 mode 2
Event: 151.871 Thread 0x00000176ec14eee0 Uncommon trap: trap_request=0xffffff45 fr.pc=0x000001769410675c relative=0x00000000000009fc
Event: 151.871 Thread 0x00000176ec14eee0 Uncommon trap: reason=unstable_if action=reinterpret pc=0x000001769410675c method=java.util.concurrent.ConcurrentHashMap.replaceNode(Ljava/lang/Object;Ljava/lang/Object;Ljava/lang/Object;)Ljava/lang/Object; @ 167 c2
Event: 151.871 Thread 0x00000176ec14eee0 DEOPT PACKING pc=0x000001769410675c sp=0x00000072460fcc20
Event: 151.871 Thread 0x00000176ec14eee0 DEOPT UNPACKING pc=0x00000176937b7da2 sp=0x00000072460fcbb8 mode 2
Event: 151.875 Thread 0x00000176f2605d10 Uncommon trap: trap_request=0xffffffde fr.pc=0x000001769418f224 relative=0x0000000000000544
Event: 151.875 Thread 0x00000176f2605d10 Uncommon trap: reason=class_check action=maybe_recompile pc=0x000001769418f224 method=java.util.concurrent.ForkJoinTask.doExec()I @ 10 c2
Event: 151.875 Thread 0x00000176f2605d10 DEOPT PACKING pc=0x000001769418f224 sp=0x00000072489fefd0
Event: 151.876 Thread 0x00000176f2605d10 DEOPT UNPACKING pc=0x00000176937b7da2 sp=0x00000072489fef30 mode 2

Classes loaded (20 events):
Event: 149.270 Loading class java/lang/Character$UnicodeBlock
Event: 149.271 Loading class java/lang/Character$Subset
Event: 149.272 Loading class java/lang/Character$Subset done
Event: 149.273 Loading class java/lang/Character$UnicodeBlock done
Event: 149.290 Loading class sun/awt/AppContext$PostShutdownEventRunnable
Event: 149.292 Loading class sun/awt/AppContext$PostShutdownEventRunnable done
Event: 149.292 Loading class sun/awt/AWTAutoShutdown$1
Event: 149.292 Loading class sun/awt/AWTAutoShutdown$1 done
Event: 149.292 Loading class java/awt/AWTEvent$1
Event: 149.294 Loading class sun/awt/AWTAccessor$AWTEventAccessor
Event: 149.294 Loading class sun/awt/AWTAccessor$AWTEventAccessor done
Event: 149.294 Loading class java/awt/AWTEvent$1 done
Event: 149.827 Loading class java/util/Comparators$NullComparator
Event: 149.827 Loading class java/util/Comparators$NullComparator done
Event: 150.196 Loading class java/util/EnumMap$Values
Event: 150.196 Loading class java/util/EnumMap$Values done
Event: 150.196 Loading class java/util/EnumMap$ValueIterator
Event: 150.196 Loading class java/util/EnumMap$ValueIterator done
Event: 150.202 Loading class java/nio/file/ProviderNotFoundException
Event: 150.202 Loading class java/nio/file/ProviderNotFoundException done

Classes unloaded (20 events):
Event: 152.838 Thread 0x00000176a051c8d0 Unloading class 0x00000176a37c5308 'androidx/compose/runtime/lint/ProduceStateDetector'
Event: 152.838 Thread 0x00000176a051c8d0 Unloading class 0x00000176a37c5110 'androidx/compose/runtime/lint/MutableCollectionMutableStateDetector$Companion'
Event: 152.838 Thread 0x00000176a051c8d0 Unloading class 0x00000176a37c4c08 'androidx/compose/runtime/lint/MutableCollectionMutableStateDetector'
Event: 152.838 Thread 0x00000176a051c8d0 Unloading class 0x00000176a37c4a10 'androidx/compose/runtime/lint/CompositionLocalNamingDetector$Companion'
Event: 152.838 Thread 0x00000176a051c8d0 Unloading class 0x00000176a37c4508 'androidx/compose/runtime/lint/CompositionLocalNamingDetector'
Event: 152.838 Thread 0x00000176a051c8d0 Unloading class 0x00000176a37c3df8 'androidx/compose/runtime/lint/ComposableStateFlowValueDetector$Companion'
Event: 152.838 Thread 0x00000176a051c8d0 Unloading class 0x00000176a37c4000 'androidx/compose/runtime/lint/ComposableStateFlowValueDetector'
Event: 152.838 Thread 0x00000176a051c8d0 Unloading class 0x00000176a37c3c00 'androidx/compose/runtime/lint/ComposableNamingDetector$Companion'
Event: 152.838 Thread 0x00000176a051c8d0 Unloading class 0x00000176a37c36f8 'androidx/compose/runtime/lint/ComposableNamingDetector'
Event: 152.838 Thread 0x00000176a051c8d0 Unloading class 0x00000176a37c3500 'androidx/compose/runtime/lint/ComposableLambdaParameterDetector$Companion'
Event: 152.838 Thread 0x00000176a051c8d0 Unloading class 0x00000176a37c2ff8 'androidx/compose/runtime/lint/ComposableLambdaParameterDetector'
Event: 152.838 Thread 0x00000176a051c8d0 Unloading class 0x00000176a37c2e00 'androidx/compose/runtime/lint/ComposableFlowOperatorDetector$Companion'
Event: 152.838 Thread 0x00000176a051c8d0 Unloading class 0x00000176a37c28f8 'androidx/compose/runtime/lint/ComposableFlowOperatorDetector'
Event: 152.838 Thread 0x00000176a051c8d0 Unloading class 0x00000176a37c2700 'androidx/compose/runtime/lint/ComposableCoroutineCreationDetector$Companion'
Event: 152.838 Thread 0x00000176a051c8d0 Unloading class 0x00000176a37c21f8 'androidx/compose/runtime/lint/ComposableCoroutineCreationDetector'
Event: 152.838 Thread 0x00000176a051c8d0 Unloading class 0x00000176a37c2000 'androidx/compose/runtime/lint/AutoboxingStateCreationDetector$Companion'
Event: 152.838 Thread 0x00000176a051c8d0 Unloading class 0x00000176a37c1958 'androidx/compose/runtime/lint/AutoboxingStateCreationDetector'
Event: 152.838 Thread 0x00000176a051c8d0 Unloading class 0x00000176a37c1760 'androidx/compose/runtime/lint/AutoboxingStateValuePropertyDetector$Companion'
Event: 152.838 Thread 0x00000176a051c8d0 Unloading class 0x00000176a37c1258 'androidx/compose/runtime/lint/AutoboxingStateValuePropertyDetector'
Event: 152.838 Thread 0x00000176a051c8d0 Unloading class 0x00000176a37c1000 'androidx/compose/runtime/lint/RuntimeIssueRegistry'

Classes redefined (0 events):
No events

Internal exceptions (20 events):
Event: 140.711 Thread 0x00000176e77d6ed0 Exception <a 'sun/nio/fs/WindowsException'{0x00000000af3298b8}> (0x00000000af3298b8) 
thrown [s\open\src\hotspot\share\prims\jni.cpp, line 520]
Event: 141.806 Thread 0x00000176e77d6840 Exception <a 'sun/nio/fs/WindowsException'{0x00000000aa40ca90}> (0x00000000aa40ca90) 
thrown [s\open\src\hotspot\share\prims\jni.cpp, line 520]
Event: 141.806 Thread 0x00000176e77d6840 Exception <a 'sun/nio/fs/WindowsException'{0x00000000aa40dc30}> (0x00000000aa40dc30) 
thrown [s\open\src\hotspot\share\prims\jni.cpp, line 520]
Event: 141.806 Thread 0x00000176e77d6840 Exception <a 'sun/nio/fs/WindowsException'{0x00000000aa40ddc0}> (0x00000000aa40ddc0) 
thrown [s\open\src\hotspot\share\prims\jni.cpp, line 520]
Event: 141.829 Thread 0x00000176e77d6840 Exception <a 'java/lang/NoSuchMethodError'{0x00000000aa37b778}: static Lcom/android/build/gradle/internal/tasks/MergeJavaResWorkAction$SourcedInput;.<clinit>()V> (0x00000000aa37b778) 
thrown [s\open\src\hotspot\share\prims\jni.cpp, line 1111]
Event: 141.839 Thread 0x00000176f17b59b0 Exception <a 'sun/nio/fs/WindowsException'{0x00000000aa121bb0}> (0x00000000aa121bb0) 
thrown [s\open\src\hotspot\share\prims\jni.cpp, line 520]
Event: 141.840 Thread 0x00000176f17b59b0 Exception <a 'sun/nio/fs/WindowsException'{0x00000000aa121ec8}> (0x00000000aa121ec8) 
thrown [s\open\src\hotspot\share\prims\jni.cpp, line 520]
Event: 144.668 Thread 0x00000176f17b59b0 Implicit null exception at 0x0000017694222978 to 0x00000176942229ec
Event: 144.668 Thread 0x00000176f17b59b0 Implicit null exception at 0x0000017694347b3e to 0x0000017694347b55
Event: 144.883 Thread 0x00000176ec14eee0 Implicit null exception at 0x0000017694637d61 to 0x0000017694638b6c
Event: 147.698 Thread 0x00000176ec14eee0 Implicit null exception at 0x00000176940a364b to 0x00000176940a7c3c
Event: 148.070 Thread 0x00000176ea7a4220 Implicit null exception at 0x0000017694abed90 to 0x0000017694ac072c
Event: 148.440 Thread 0x00000176ec14eee0 Exception <a 'java/lang/NoSuchMethodError'{0x00000000b761de28}: 'long java.lang.invoke.DirectMethodHandle$Holder.invokeStatic(java.lang.Object, int)'> (0x00000000b761de28) 
thrown [s\open\src\hotspot\share\interpreter\linkResolver.cpp, line 773]
Event: 148.440 Thread 0x00000176ec14eee0 Exception <a 'java/lang/NoSuchMethodError'{0x00000000b7625070}: 'void java.lang.invoke.DelegatingMethodHandle$Holder.reinvoke_L(java.lang.Object, java.lang.Object, java.lang.Object, long)'> (0x00000000b7625070) 
thrown [s\open\src\hotspot\share\interpreter\linkResolver.cpp, line 773]
Event: 148.760 Thread 0x00000176ec14eee0 Exception <a 'java/lang/NoSuchMethodError'{0x00000000b3c229c8}: 'java.lang.Object java.lang.invoke.DirectMethodHandle$Holder.invokeStatic(java.lang.Object, java.lang.Object, java.lang.Object, int, java.lang.Object, java.lang.Object, java.lang.Object)'> (0x00000000b3c229c8) 
thrown [s\open\src\hotspot\share\interpreter\linkResolver.cpp, line 773]
Event: 148.761 Thread 0x00000176ec14eee0 Exception <a 'java/lang/NoSuchMethodError'{0x00000000b3c2b480}: 'java.lang.Object java.lang.invoke.DirectMethodHandle$Holder.newInvokeSpecial(java.lang.Object, java.lang.Object, java.lang.Object, int, java.lang.Object)'> (0x00000000b3c2b480) 
thrown [s\open\src\hotspot\share\interpreter\linkResolver.cpp, line 773]
Event: 148.761 Thread 0x00000176ec14eee0 Exception <a 'java/lang/NoSuchMethodError'{0x00000000b3c2f3e8}: 'java.lang.Object java.lang.invoke.Invokers$Holder.linkToTargetMethod(java.lang.Object, java.lang.Object, int, java.lang.Object, java.lang.Object)'> (0x00000000b3c2f3e8) 
thrown [s\open\src\hotspot\share\interpreter\linkResolver.cpp, line 773]
Event: 149.040 Thread 0x00000176ec14eee0 Implicit null exception at 0x0000017694739b6a to 0x000001769473a15c
Event: 149.078 Thread 0x00000176ec14eee0 Exception <a 'java/lang/NoSuchMethodError'{0x00000000b1eef3b0}: 'int java.lang.invoke.DirectMethodHandle$Holder.invokeStatic(java.lang.Object, java.lang.Object, java.lang.Object, java.lang.Object, java.lang.Object, java.lang.Object)'> (0x00000000b1eef3b0) 
thrown [s\open\src\hotspot\share\interpreter\linkResolver.cpp, line 773]
Event: 150.576 Thread 0x00000176ec14eee0 Exception <a 'java/lang/IncompatibleClassChangeError'{0x00000000b6ca9968}: Found class java.lang.Object, but interface was expected> (0x00000000b6ca9968) 
thrown [s\open\src\hotspot\share\interpreter\linkResolver.cpp, line 840]

ZGC Phase Switch (0 events):
No events

VM Operations (20 events):
Event: 150.031 Executing VM operation: HandshakeAllThreads (Deoptimize) done
Event: 150.333 Executing VM operation: HandshakeAllThreads (Deoptimize)
Event: 150.334 Executing VM operation: HandshakeAllThreads (Deoptimize) done
Event: 150.488 Executing VM operation: ICBufferFull
Event: 150.503 Executing VM operation: ICBufferFull done
Event: 150.697 Executing VM operation: ICBufferFull
Event: 150.697 Executing VM operation: ICBufferFull done
Event: 150.789 Executing VM operation: HandshakeAllThreads (Deoptimize)
Event: 150.791 Executing VM operation: HandshakeAllThreads (Deoptimize) done
Event: 151.201 Executing VM operation: HandshakeAllThreads (Deoptimize)
Event: 151.201 Executing VM operation: HandshakeAllThreads (Deoptimize) done
Event: 151.276 Executing VM operation: ICBufferFull
Event: 151.276 Executing VM operation: ICBufferFull done
Event: 151.670 Executing VM operation: G1CollectForAllocation (G1 Evacuation Pause)
Event: 151.758 Executing VM operation: G1CollectForAllocation (G1 Evacuation Pause) done
Event: 151.777 Executing VM operation: G1TryInitiateConcMark (G1 Humongous Allocation)
Event: 151.801 Executing VM operation: G1TryInitiateConcMark (G1 Humongous Allocation) done
Event: 152.802 Executing VM operation: Cleanup
Event: 152.813 Executing VM operation: Cleanup done
Event: 152.835 Executing VM operation: G1PauseRemark

Events (20 events):
Event: 152.884 Thread 0x00000176a051c8d0 flushing nmethod 0x000001768f89ee10
Event: 152.884 Thread 0x00000176a051c8d0 flushing nmethod 0x000001768f8a9990
Event: 152.884 Thread 0x00000176a051c8d0 flushing nmethod 0x000001768f8a9f90
Event: 152.884 Thread 0x00000176a051c8d0 flushing nmethod 0x000001768f8b1890
Event: 152.884 Thread 0x00000176a051c8d0 flushing nmethod 0x000001768f8f1c10
Event: 152.884 Thread 0x00000176a051c8d0 flushing nmethod 0x000001768f8fb610
Event: 152.884 Thread 0x00000176a051c8d0 flushing nmethod 0x000001768f95bf90
Event: 152.884 Thread 0x00000176a051c8d0 flushing nmethod 0x000001768f95dc90
Event: 152.884 Thread 0x00000176a051c8d0 flushing nmethod 0x000001768f95df90
Event: 152.884 Thread 0x00000176a051c8d0 flushing nmethod 0x000001768f971d90
Event: 152.884 Thread 0x00000176a051c8d0 flushing nmethod 0x000001768f9fb590
Event: 152.884 Thread 0x00000176a051c8d0 flushing nmethod 0x000001768f9fbd90
Event: 152.884 Thread 0x00000176a051c8d0 flushing nmethod 0x000001768f9fc690
Event: 152.884 Thread 0x00000176a051c8d0 flushing nmethod 0x000001768f9fdc10
Event: 152.884 Thread 0x00000176a051c8d0 flushing nmethod 0x000001768f9fe310
Event: 152.884 Thread 0x00000176a051c8d0 flushing nmethod 0x000001768fa11c10
Event: 152.884 Thread 0x00000176a051c8d0 flushing nmethod 0x000001768fa12410
Event: 152.884 Thread 0x00000176a051c8d0 flushing nmethod 0x000001768fa13590
Event: 152.884 Thread 0x00000176a051c8d0 flushing nmethod 0x000001768fa16690
Event: 152.884 Thread 0x00000176a051c8d0 flushing nmethod 0x000001768fa47510


Dynamic libraries:
0x00007ff6b1a80000 - 0x00007ff6b1a90000 	C:\Program Files\Java\jdk-21\bin\java.exe
0x00007ffe46c60000 - 0x00007ffe46ec0000 	C:\WINDOWS\SYSTEM32\ntdll.dll
0x00007ffe45710000 - 0x00007ffe457d7000 	C:\WINDOWS\System32\KERNEL32.DLL
0x00007ffe43f30000 - 0x00007ffe442fa000 	C:\WINDOWS\System32\KERNELBASE.dll
0x00007ffe43de0000 - 0x00007ffe43f2b000 	C:\WINDOWS\System32\ucrtbase.dll
0x00007ffe31310000 - 0x00007ffe31329000 	C:\Program Files\Java\jdk-21\bin\jli.dll
0x00007ffe2c5c0000 - 0x00007ffe2c5db000 	C:\Program Files\Java\jdk-21\bin\VCRUNTIME140.dll
0x00007ffe468e0000 - 0x00007ffe46992000 	C:\WINDOWS\System32\ADVAPI32.dll
0x00007ffe44e80000 - 0x00007ffe44f29000 	C:\WINDOWS\System32\msvcrt.dll
0x00007ffe45440000 - 0x00007ffe454e6000 	C:\WINDOWS\System32\sechost.dll
0x00007ffe454f0000 - 0x00007ffe45606000 	C:\WINDOWS\System32\RPCRT4.dll
0x00007ffe45d00000 - 0x00007ffe45ecc000 	C:\WINDOWS\System32\USER32.dll
0x00007ffe449d0000 - 0x00007ffe449f7000 	C:\WINDOWS\System32\win32u.dll
0x00007ffe2c720000 - 0x00007ffe2c9b7000 	C:\WINDOWS\WinSxS\amd64_microsoft.windows.common-controls_6595b64144ccf1df_6.0.26100.3624_none_3e086962e3345f24\COMCTL32.dll
0x00007ffe44e40000 - 0x00007ffe44e6a000 	C:\WINDOWS\System32\GDI32.dll
0x00007ffe44660000 - 0x00007ffe44791000 	C:\WINDOWS\System32\gdi32full.dll
0x00007ffe445b0000 - 0x00007ffe44653000 	C:\WINDOWS\System32\msvcp_win.dll
0x00007ffe318d0000 - 0x00007ffe318db000 	C:\WINDOWS\SYSTEM32\VERSION.dll
0x00007ffe45ed0000 - 0x00007ffe45eff000 	C:\WINDOWS\System32\IMM32.DLL
0x00007ffe33870000 - 0x00007ffe3387c000 	C:\Program Files\Java\jdk-21\bin\vcruntime140_1.dll
0x00007ffe09220000 - 0x00007ffe092ae000 	C:\Program Files\Java\jdk-21\bin\msvcp140.dll
0x00007ffd8ce50000 - 0x00007ffd8db68000 	C:\Program Files\Java\jdk-21\bin\server\jvm.dll
0x00007ffe46a00000 - 0x00007ffe46a74000 	C:\WINDOWS\System32\WS2_32.dll
0x00007ffe42a10000 - 0x00007ffe42a6e000 	C:\WINDOWS\SYSTEM32\POWRPROF.dll
0x00007ffe3e3c0000 - 0x00007ffe3e3f6000 	C:\WINDOWS\SYSTEM32\WINMM.dll
0x00007ffe429f0000 - 0x00007ffe42a04000 	C:\WINDOWS\SYSTEM32\UMPDC.dll
0x00007ffe42cd0000 - 0x00007ffe42cea000 	C:\WINDOWS\SYSTEM32\kernel.appcore.dll
0x00007ffe32f30000 - 0x00007ffe32f3a000 	C:\Program Files\Java\jdk-21\bin\jimage.dll
0x00007ffe413c0000 - 0x00007ffe41601000 	C:\WINDOWS\SYSTEM32\DBGHELP.DLL
0x00007ffe44fd0000 - 0x00007ffe45352000 	C:\WINDOWS\System32\combase.dll
0x00007ffe45360000 - 0x00007ffe45436000 	C:\WINDOWS\System32\OLEAUT32.dll
0x00007ffe3e400000 - 0x00007ffe3e439000 	C:\WINDOWS\SYSTEM32\dbgcore.DLL
0x00007ffe44510000 - 0x00007ffe445a9000 	C:\WINDOWS\System32\bcryptPrimitives.dll
0x00007ffe33860000 - 0x00007ffe3386f000 	C:\Program Files\Java\jdk-21\bin\instrument.dll
0x00007ffe2c560000 - 0x00007ffe2c57f000 	C:\Program Files\Java\jdk-21\bin\java.dll
0x00007ffe461b0000 - 0x00007ffe468d9000 	C:\WINDOWS\System32\SHELL32.dll
0x00007ffe44860000 - 0x00007ffe449c8000 	C:\WINDOWS\System32\wintypes.dll
0x00007ffe41a60000 - 0x00007ffe422b2000 	C:\WINDOWS\SYSTEM32\windows.storage.dll
0x00007ffe46ad0000 - 0x00007ffe46bbd000 	C:\WINDOWS\System32\SHCORE.dll
0x00007ffe44f40000 - 0x00007ffe44fa4000 	C:\WINDOWS\System32\shlwapi.dll
0x00007ffe43cf0000 - 0x00007ffe43d1f000 	C:\WINDOWS\SYSTEM32\profapi.dll
0x00007ffe09140000 - 0x00007ffe09217000 	C:\Program Files\Java\jdk-21\bin\jsvml.dll
0x00007ffe276c0000 - 0x00007ffe276d8000 	C:\Program Files\Java\jdk-21\bin\zip.dll
0x00007ffe326e0000 - 0x00007ffe326f0000 	C:\Program Files\Java\jdk-21\bin\net.dll
0x00007ffe31910000 - 0x00007ffe31a2d000 	C:\WINDOWS\SYSTEM32\WINHTTP.dll
0x00007ffe431d0000 - 0x00007ffe4323a000 	C:\WINDOWS\system32\mswsock.dll
0x00007ffe27470000 - 0x00007ffe27486000 	C:\Program Files\Java\jdk-21\bin\nio.dll
0x00007ffe2c550000 - 0x00007ffe2c560000 	C:\Program Files\Java\jdk-21\bin\verify.dll
0x00007ffe32f40000 - 0x00007ffe32f67000 	C:\Users\Rashmi\.gradle\native\c067742578af261105cb4f569cf0c3c89f3d7b1fecec35dd04571415982c5e48\windows-amd64\native-platform.dll
0x00007ffe08410000 - 0x00007ffe08554000 	C:\Users\Rashmi\.gradle\native\100fb08df4bc3b14c8652ba06237920a3bd2aa13389f12d3474272988ae205f9\windows-amd64\native-platform-file-events.dll
0x00007ffe274b0000 - 0x00007ffe274ba000 	C:\Program Files\Java\jdk-21\bin\management.dll
0x00007ffe27460000 - 0x00007ffe2746b000 	C:\Program Files\Java\jdk-21\bin\management_ext.dll
0x00007ffe461a0000 - 0x00007ffe461a8000 	C:\WINDOWS\System32\PSAPI.DLL
0x00007ffe43580000 - 0x00007ffe4359c000 	C:\WINDOWS\SYSTEM32\CRYPTSP.dll
0x00007ffe42c30000 - 0x00007ffe42c6a000 	C:\WINDOWS\system32\rsaenh.dll
0x00007ffe43270000 - 0x00007ffe4329b000 	C:\WINDOWS\SYSTEM32\USERENV.dll
0x00007ffe43cc0000 - 0x00007ffe43ce6000 	C:\WINDOWS\SYSTEM32\bcrypt.dll
0x00007ffe43400000 - 0x00007ffe4340c000 	C:\WINDOWS\SYSTEM32\CRYPTBASE.dll
0x00007ffe42610000 - 0x00007ffe42643000 	C:\WINDOWS\SYSTEM32\IPHLPAPI.DLL
0x00007ffe44f30000 - 0x00007ffe44f3a000 	C:\WINDOWS\System32\NSI.dll
0x00007ffe27450000 - 0x00007ffe27459000 	C:\Program Files\Java\jdk-21\bin\extnet.dll
0x00007ffe33310000 - 0x00007ffe3331e000 	C:\Program Files\Java\jdk-21\bin\sunmscapi.dll
0x00007ffe44300000 - 0x00007ffe44477000 	C:\WINDOWS\System32\CRYPT32.dll
0x00007ffe436d0000 - 0x00007ffe43700000 	C:\WINDOWS\SYSTEM32\ncrypt.dll
0x00007ffe43680000 - 0x00007ffe436bf000 	C:\WINDOWS\SYSTEM32\NTASN1.dll
0x00007ffe2a160000 - 0x00007ffe2a168000 	C:\WINDOWS\system32\wshunix.dll
0x00007ffe133a0000 - 0x00007ffe133b8000 	C:\WINDOWS\system32\napinsp.dll
0x00007ffe42650000 - 0x00007ffe42775000 	C:\WINDOWS\SYSTEM32\DNSAPI.dll
0x00007ffe13380000 - 0x00007ffe13392000 	C:\WINDOWS\System32\winrnr.dll
0x00007ffe13340000 - 0x00007ffe13370000 	C:\WINDOWS\system32\nlansp_c.dll
0x00007ffe132a0000 - 0x00007ffe132b6000 	C:\WINDOWS\system32\wshbth.dll
0x00007ffe39600000 - 0x00007ffe3960b000 	C:\Windows\System32\rasadhlp.dll
0x00007ffe34e20000 - 0x00007ffe34ea5000 	C:\WINDOWS\System32\fwpuclnt.dll
0x00007ffe050a0000 - 0x00007ffe0522f000 	C:\Program Files\Java\jdk-21\bin\awt.dll
0x00007ffe3dcc0000 - 0x00007ffe3dd5c000 	C:\WINDOWS\SYSTEM32\apphelp.dll
0x00007ffe3e1f0000 - 0x00007ffe3e226000 	C:\WINDOWS\system32\DWMAPI.DLL
0x00007ffe3deb0000 - 0x00007ffe3df5e000 	C:\WINDOWS\system32\uxtheme.dll
0x00007ffe42df0000 - 0x00007ffe42e25000 	C:\WINDOWS\SYSTEM32\ntmarta.dll
0x00007ffe26310000 - 0x00007ffe26317000 	C:\Program Files\Java\jdk-21\bin\rmi.dll
0x00007ffe44a80000 - 0x00007ffe44bdd000 	C:\WINDOWS\System32\MSCTF.dll
0x00007ffe44ca0000 - 0x00007ffe44e36000 	C:\WINDOWS\System32\ole32.dll

dbghelp: loaded successfully - version: 4.0.5 - missing functions: none
symbol engine: initialized successfully - sym options: 0x614 - pdb path: .;C:\Program Files\Java\jdk-21\bin;C:\WINDOWS\SYSTEM32;C:\WINDOWS\WinSxS\amd64_microsoft.windows.common-controls_6595b64144ccf1df_6.0.26100.3624_none_3e086962e3345f24;C:\Program Files\Java\jdk-21\bin\server;C:\Users\Rashmi\.gradle\native\c067742578af261105cb4f569cf0c3c89f3d7b1fecec35dd04571415982c5e48\windows-amd64;C:\Users\Rashmi\.gradle\native\100fb08df4bc3b14c8652ba06237920a3bd2aa13389f12d3474272988ae205f9\windows-amd64

VM Arguments:
jvm_args: --add-opens=java.base/java.lang=ALL-UNNAMED --add-opens=java.base/java.lang.invoke=ALL-UNNAMED --add-opens=java.base/java.util=ALL-UNNAMED --add-opens=java.prefs/java.util.prefs=ALL-UNNAMED --add-exports=jdk.compiler/com.sun.tools.javac.api=ALL-UNNAMED --add-exports=jdk.compiler/com.sun.tools.javac.util=ALL-UNNAMED --add-opens=java.base/java.util=ALL-UNNAMED --add-opens=java.prefs/java.util.prefs=ALL-UNNAMED --add-opens=java.base/java.nio.charset=ALL-UNNAMED --add-opens=java.base/java.net=ALL-UNNAMED --add-opens=java.base/java.util.concurrent.atomic=ALL-UNNAMED --add-opens=java.xml/javax.xml.namespace=ALL-UNNAMED -Xmx2048m -Dfile.encoding=UTF-8 -Duser.country=US -Duser.language=en -Duser.variant -javaagent:C:\Users\Rashmi\.gradle\wrapper\dists\gradle-8.11.1-bin\bpt9gzteqjrbo1mjrsomdt32c\gradle-8.11.1\lib\agents\gradle-instrumentation-agent-8.11.1.jar 
java_command: org.gradle.launcher.daemon.bootstrap.GradleDaemon 8.11.1
java_class_path (initial): C:\Users\Rashmi\.gradle\wrapper\dists\gradle-8.11.1-bin\bpt9gzteqjrbo1mjrsomdt32c\gradle-8.11.1\lib\gradle-daemon-main-8.11.1.jar
Launcher Type: SUN_STANDARD

[Global flags]
     intx CICompilerCount                          = 3                                         {product} {ergonomic}
     uint ConcGCThreads                            = 1                                         {product} {ergonomic}
     uint G1ConcRefinementThreads                  = 4                                         {product} {ergonomic}
   size_t G1HeapRegionSize                         = 1048576                                   {product} {ergonomic}
    uintx GCDrainStackTargetSize                   = 64                                        {product} {ergonomic}
   size_t InitialHeapSize                          = 130023424                                 {product} {ergonomic}
   size_t MarkStackSize                            = 4194304                                   {product} {ergonomic}
   size_t MaxHeapSize                              = 2147483648                                {product} {command line}
   size_t MaxNewSize                               = 1287651328                                {product} {ergonomic}
   size_t MinHeapDeltaBytes                        = 1048576                                   {product} {ergonomic}
   size_t MinHeapSize                              = 8388608                                   {product} {ergonomic}
    uintx NonNMethodCodeHeapSize                   = 5832780                                {pd product} {ergonomic}
    uintx NonProfiledCodeHeapSize                  = 122912730                              {pd product} {ergonomic}
    uintx ProfiledCodeHeapSize                     = 122912730                              {pd product} {ergonomic}
    uintx ReservedCodeCacheSize                    = 251658240                              {pd product} {ergonomic}
     bool SegmentedCodeCache                       = true                                      {product} {ergonomic}
   size_t SoftMaxHeapSize                          = 2147483648                             {manageable} {ergonomic}
     bool UseCompressedOops                        = true                           {product lp64_product} {ergonomic}
     bool UseG1GC                                  = true                                      {product} {ergonomic}
     bool UseLargePagesIndividualAllocation        = false                                  {pd product} {ergonomic}

Logging:
Log output configuration:
 #0: stdout all=warning uptime,level,tags foldmultilines=false
 #1: stderr all=off uptime,level,tags foldmultilines=false

Environment Variables:
JAVA_HOME=C:\Program Files\Java\jdk-21\
PATH=C:\Python312\Scripts\;C:\Python312\;C:\Program Files\Common Files\Oracle\Java\javapath;C:\WINDOWS\system32;C:\WINDOWS;C:\WINDOWS\System32\Wbem;C:\WINDOWS\System32\WindowsPowerShell\v1.0\;C:\WINDOWS\System32\OpenSSH\;C:\Users\Rashmi\AppData\Local\Android\Sdk;C:\Users\Rashmi\AppData\Local\Android\Sdk\platform-tools;C:\Program Files\Java\jdk-21\;C:\Users\Rashmi\AppData\Local\Android\Sdk\build-tools;C:\Program Files\nodejs\;C:\ProgramData\chocolatey\bin;C:\Users\Rashmi\AppData\Local\Android\Sdk\emulator;C:\Users\Rashmi\AppData\Local\Android\Sdk\tools;C:\Users\Rashmi\AppData\Local\Android\Sdk\tools\bin;C:\Users\Rashmi\AppData\Local\Android\Sdk\build-tools\36.0.0-rc3;C:\Users\Rashmi\AppData\Local\Android\Sdk\platform-tools;C:\Users\Rashmi\AppData\Local\Android\Sdk\tools;C:\Users\Rashmi\AppData\Local\Microsoft\WindowsApps;C:\Users\Rashmi\AppData\Local\Programs\Microsoft VS Code\bin;C:\Users\Rashmi\AppData\Local\Programs\Git\cmd;C:\Users\Rashmi\AppData\Roaming\npm;C:\Users\Rashmi\AppData\Local\GitHubDesktop\bin;C:\Users\Rashmi\AppData\Local\Programs\cursor\resources\app\bin
USERNAME=Rashmi M N
OS=Windows_NT
PROCESSOR_IDENTIFIER=Intel64 Family 6 Model 140 Stepping 1, GenuineIntel
TMP=C:\Users\Rashmi\AppData\Local\Temp
TEMP=C:\Users\Rashmi\AppData\Local\Temp




Periodic native trim disabled

---------------  S Y S T E M  ---------------

OS:
 Windows 11 , 64 bit Build 26100 (10.0.26100.3775)
OS uptime: 9 days 5:14 hours
Hyper-V role detected

CPU: total 4 (initial active 4) (2 cores per cpu, 2 threads per core) family 6 model 140 stepping 1 microcode 0x86, cx8, cmov, fxsr, ht, mmx, 3dnowpref, sse, sse2, sse3, ssse3, sse4.1, sse4.2, popcnt, lzcnt, tsc, tscinvbit, avx, avx2, aes, erms, clmul, bmi1, bmi2, adx, avx512f, avx512dq, avx512cd, avx512bw, avx512vl, sha, fma, vzeroupper, avx512_vpopcntdq, avx512_vpclmulqdq, avx512_vaes, avx512_vnni, clflush, clflushopt, clwb, avx512_vbmi2, avx512_vbmi, hv, rdtscp, rdpid, fsrm, gfni, avx512_bitalg, f16c, cet_ibt, cet_ss, avx512_ifma
Processor Information for processor 0
  Max Mhz: 2995, Current Mhz: 2995, Mhz Limit: 2995
Processor Information for processor 1
  Max Mhz: 2995, Current Mhz: 1198, Mhz Limit: 2995
Processor Information for processor 2
  Max Mhz: 2995, Current Mhz: 2995, Mhz Limit: 2995
Processor Information for processor 3
  Max Mhz: 2995, Current Mhz: 2995, Mhz Limit: 2995

Memory: 4k page, system-wide physical 7890M (529M free)
TotalPageFile size 32466M (AvailPageFile size 127M)
current process WorkingSet (physical memory assigned to process): 1496M, peak: 1511M
current process commit charge ("private bytes"): 1642M, peak: 1991M

vm_info: Java HotSpot(TM) 64-Bit Server VM (21.0.5+9-LTS-239) for windows-amd64 JRE (21.0.5+9-LTS-239), built on 2024-09-30T05:17:38Z by "mach5one" with MS VC++ 17.6 (VS2022)

END.
